"","rowname","iter","sim","approach","value"
"1","R2",1,"I","fit_all_stats",0.999941346562354
"2","R2",1,"I","fitsumStats",0.999900967254956
"3","R2",1,"I","fit_NT_stats",0.999739760011167
"4","rmse",1,"I","fit_all_stats",0.0104373531021856
"5","rmse",1,"I","fitsumStats",0.0017352834069574
"6","rmse",1,"I","fit_NT_stats",0.0028129889179161
"7","R2",2,"I","fit_all_stats",0.999733693565181
"8","R2",2,"I","fitsumStats",0.999527807671988
"9","R2",2,"I","fit_NT_stats",0.999369642527654
"10","rmse",2,"I","fit_all_stats",0.0274463229486477
"11","rmse",2,"I","fitsumStats",0.00619867457670753
"12","rmse",2,"I","fit_NT_stats",0.0071619754237724
"13","R2",3,"I","fit_all_stats",0.999637931534114
"14","R2",3,"I","fitsumStats",0.999793639226425
"15","R2",3,"I","fit_NT_stats",0.999618782017458
"16","rmse",3,"I","fit_all_stats",0.0358624136123748
"17","rmse",3,"I","fitsumStats",0.00540072221871577
"18","rmse",3,"I","fit_NT_stats",0.00734048838884766
"19","R2",4,"I","fit_all_stats",0.999697946922736
"20","R2",4,"I","fitsumStats",0.999258748326716
"21","R2",4,"I","fit_NT_stats",0.999611414437877
"22","rmse",4,"I","fit_all_stats",0.030667316534771
"23","rmse",4,"I","fitsumStats",0.00924982846044988
"24","rmse",4,"I","fit_NT_stats",0.00669721383262995
"25","R2",5,"I","fit_all_stats",0.999880848965554
"26","R2",5,"I","fitsumStats",0.999769044805482
"27","R2",5,"I","fit_NT_stats",0.999578976388278
"28","rmse",5,"I","fit_all_stats",0.0158276196665171
"29","rmse",5,"I","fitsumStats",0.00347414727483895
"30","rmse",5,"I","fit_NT_stats",0.00469069920026162
"31","R2",6,"I","fit_all_stats",0.999395997376843
"32","R2",6,"I","fitsumStats",0.998855282901821
"33","R2",6,"I","fit_NT_stats",0.999287335783684
"34","rmse",6,"I","fit_all_stats",0.0593094019038575
"35","rmse",6,"I","fitsumStats",0.0135354236041032
"36","rmse",6,"I","fit_NT_stats",0.0106798522270167
"37","R2",7,"I","fit_all_stats",0.999812241350356
"38","R2",7,"I","fitsumStats",0.9994863511899
"39","R2",7,"I","fit_NT_stats",0.999379877945807
"40","rmse",7,"I","fit_all_stats",0.0213473921799333
"41","rmse",7,"I","fitsumStats",0.0056293527438128
"42","rmse",7,"I","fit_NT_stats",0.00618534471638668
"43","R2",8,"I","fit_all_stats",0.999764596051114
"44","R2",8,"I","fitsumStats",0.99952903942317
"45","R2",8,"I","fit_NT_stats",0.999434777685893
"46","rmse",8,"I","fit_all_stats",0.025105386830828
"47","rmse",8,"I","fitsumStats",0.00572285970039803
"48","rmse",8,"I","fit_NT_stats",0.00626946483886958
"49","R2",9,"I","fit_all_stats",0.999526728595249
"50","R2",9,"I","fitsumStats",0.999341195456333
"51","R2",9,"I","fit_NT_stats",0.999431986663556
"52","rmse",9,"I","fit_all_stats",0.0429965233785045
"53","rmse",9,"I","fitsumStats",0.00897475306707007
"54","rmse",9,"I","fit_NT_stats",0.00833342404920808
"55","R2",10,"I","fit_all_stats",0.999685493034889
"56","R2",10,"I","fitsumStats",0.99925023163095
"57","R2",10,"I","fit_NT_stats",0.999673284074602
"58","rmse",10,"I","fit_all_stats",0.0317819606304037
"59","rmse",10,"I","fitsumStats",0.00975368532094849
"60","rmse",10,"I","fit_NT_stats",0.00643858353716403
"61","R2",11,"I","fit_all_stats",0.999999999901632
"62","R2",11,"I","fitsumStats",0.999778855592434
"63","R2",11,"I","fit_NT_stats",0.999703510976245
"64","rmse",11,"I","fit_all_stats",1.2762097516603e-05
"65","rmse",11,"I","fitsumStats",3.96104287619303e-06
"66","rmse",11,"I","fit_NT_stats",4.58644165264611e-06
"67","R2",12,"I","fit_all_stats",0.999449315135585
"68","R2",12,"I","fitsumStats",0.998615439415064
"69","R2",12,"I","fit_NT_stats",0.999388926175377
"70","rmse",12,"I","fit_all_stats",0.0558276628163196
"71","rmse",12,"I","fitsumStats",0.0139819039463725
"72","rmse",12,"I","fit_NT_stats",0.00928874782747042
"73","R2",13,"I","fit_all_stats",0.9995543217762
"74","R2",13,"I","fitsumStats",0.999282905273931
"75","R2",13,"I","fit_NT_stats",0.999428606693339
"76","rmse",13,"I","fit_all_stats",0.0410642673571
"77","rmse",13,"I","fitsumStats",0.00912609791678652
"78","rmse",13,"I","fit_NT_stats",0.0081463756808736
"79","R2",14,"I","fit_all_stats",0.999408781452964
"80","R2",14,"I","fitsumStats",0.998578806128923
"81","R2",14,"I","fit_NT_stats",0.999393898218664
"82","rmse",14,"I","fit_all_stats",0.0566376986503378
"83","rmse",14,"I","fitsumStats",0.0135822225017813
"84","rmse",14,"I","fit_NT_stats",0.00886986393974144
"85","R2",15,"I","fit_all_stats",0.999555141016055
"86","R2",15,"I","fitsumStats",0.999256048798653
"87","R2",15,"I","fit_NT_stats",0.999404104847671
"88","rmse",15,"I","fit_all_stats",0.0413804103648714
"89","rmse",15,"I","fitsumStats",0.00931053864332071
"90","rmse",15,"I","fit_NT_stats",0.00833273381016907
"91","R2",16,"I","fit_all_stats",0.999477457055955
"92","R2",16,"I","fitsumStats",0.999788453087607
"93","R2",16,"I","fit_NT_stats",0.999699682153387
"94","rmse",16,"I","fit_all_stats",0.0482953563831149
"95","rmse",16,"I","fitsumStats",0.00633761078941214
"96","rmse",16,"I","fit_NT_stats",0.00755114464692988
"97","R2",17,"I","fit_all_stats",0.999488184642915
"98","R2",17,"I","fitsumStats",0.999647387785785
"99","R2",17,"I","fit_NT_stats",0.999671049609455
"100","rmse",17,"I","fit_all_stats",0.0496525799581936
"101","rmse",17,"I","fitsumStats",0.00788141417525759
"102","rmse",17,"I","fit_NT_stats",0.00761238382721561
"103","R2",18,"I","fit_all_stats",0.999538018102242
"104","R2",18,"I","fitsumStats",0.999448831511133
"105","R2",18,"I","fit_NT_stats",0.999488962325616
"106","rmse",18,"I","fit_all_stats",0.0428388897149287
"107","rmse",18,"I","fitsumStats",0.00854365315525988
"108","rmse",18,"I","fit_NT_stats",0.00822674200780722
"109","R2",19,"I","fit_all_stats",0.999747459240985
"110","R2",19,"I","fitsumStats",0.999540438270822
"111","R2",19,"I","fit_NT_stats",0.999399965971144
"112","rmse",19,"I","fit_all_stats",0.0264092485847953
"113","rmse",19,"I","fitsumStats",0.00588517063488898
"114","rmse",19,"I","fit_NT_stats",0.00672473340975347
"115","R2",20,"I","fit_all_stats",0.999702805728858
"116","R2",20,"I","fitsumStats",0.999371733352172
"117","R2",20,"I","fit_NT_stats",0.999403903000402
"118","rmse",20,"I","fit_all_stats",0.0297920748292202
"119","rmse",20,"I","fitsumStats",0.00790055503926915
"120","rmse",20,"I","fit_NT_stats",0.00769562803659198
"121","R2",21,"I","fit_all_stats",0.99950282874162
"122","R2",21,"I","fitsumStats",0.999722783175448
"123","R2",21,"I","fit_NT_stats",0.999644113793997
"124","rmse",21,"I","fit_all_stats",0.0478108035650974
"125","rmse",21,"I","fitsumStats",0.0072501532986541
"126","rmse",21,"I","fit_NT_stats",0.00821472396904803
"127","R2",22,"I","fit_all_stats",0.999640185119267
"128","R2",22,"I","fitsumStats",0.999810762794685
"129","R2",22,"I","fit_NT_stats",0.999623337991914
"130","rmse",22,"I","fit_all_stats",0.0356735272162347
"131","rmse",22,"I","fitsumStats",0.00518545266052163
"132","rmse",22,"I","fit_NT_stats",0.00731575781106489
"133","R2",23,"I","fit_all_stats",0.999505719532311
"134","R2",23,"I","fitsumStats",0.999772789298805
"135","R2",23,"I","fit_NT_stats",0.999602347700411
"136","rmse",23,"I","fit_all_stats",0.0455805278921558
"137","rmse",23,"I","fitsumStats",0.0062054523076525
"138","rmse",23,"I","fit_NT_stats",0.00820938834272828
"139","R2",24,"I","fit_all_stats",0.999819670942616
"140","R2",24,"I","fitsumStats",0.999503852179665
"141","R2",24,"I","fit_NT_stats",0.999379212957751
"142","rmse",24,"I","fit_all_stats",0.0207717290986693
"143","rmse",24,"I","fitsumStats",0.00550942362300401
"144","rmse",24,"I","fit_NT_stats",0.00616271302340129
"145","R2",25,"I","fit_all_stats",0.999564423505072
"146","R2",25,"I","fitsumStats",0.999249681886517
"147","R2",25,"I","fit_NT_stats",0.999409237365946
"148","rmse",25,"I","fit_all_stats",0.0408056538561214
"149","rmse",25,"I","fitsumStats",0.00930721079080303
"150","rmse",25,"I","fit_NT_stats",0.00825854127437452
"151","R2",26,"I","fit_all_stats",0.999823249690509
"152","R2",26,"I","fitsumStats",0.999512984743473
"153","R2",26,"I","fit_NT_stats",0.999381104064515
"154","rmse",26,"I","fit_all_stats",0.0204956738956984
"155","rmse",26,"I","fitsumStats",0.00544773617202843
"156","rmse",26,"I","fit_NT_stats",0.00614120505985149
"157","R2",27,"I","fit_all_stats",0.999442561516828
"158","R2",27,"I","fitsumStats",0.999590995972257
"159","R2",27,"I","fit_NT_stats",0.999701991373602
"160","rmse",27,"I","fit_all_stats",0.0522035739428931
"161","rmse",27,"I","fitsumStats",0.00832195083589567
"162","rmse",27,"I","fit_NT_stats",0.00710355538949286
"163","R2",28,"I","fit_all_stats",0.999602344373029
"164","R2",28,"I","fitsumStats",0.999602423530759
"165","R2",28,"I","fit_NT_stats",0.999566544122914
"166","rmse",28,"I","fit_all_stats",0.0379940358189265
"167","rmse",28,"I","fitsumStats",0.00731522503323305
"168","rmse",28,"I","fit_NT_stats",0.00763817847901601
"169","R2",29,"I","fit_all_stats",0.999485419291497
"170","R2",29,"I","fitsumStats",0.999632797014999
"171","R2",29,"I","fit_NT_stats",0.999669776637438
"172","rmse",29,"I","fit_all_stats",0.0497677407060186
"173","rmse",29,"I","fitsumStats",0.00805020206139872
"174","rmse",29,"I","fit_NT_stats",0.00763409530772519
"175","R2",30,"I","fit_all_stats",0.9995413249114
"176","R2",30,"I","fitsumStats",0.999465940154372
"177","R2",30,"I","fit_NT_stats",0.999498766260556
"178","rmse",30,"I","fit_all_stats",0.0427511526114888
"179","rmse",30,"I","fitsumStats",0.00847588236202946
"180","rmse",30,"I","fit_NT_stats",0.00821126571310898
"181","R2",31,"I","fit_all_stats",0.999730254193179
"182","R2",31,"I","fitsumStats",0.999517010403263
"183","R2",31,"I","fit_NT_stats",0.999360052165782
"184","rmse",31,"I","fit_all_stats",0.0277024682663351
"185","rmse",31,"I","fitsumStats",0.00633178642181323
"186","rmse",31,"I","fit_NT_stats",0.00728835731192668
"187","R2",32,"I","fit_all_stats",0.999626797079925
"188","R2",32,"I","fitsumStats",0.999732837324234
"189","R2",32,"I","fit_NT_stats",0.999604362215293
"190","rmse",32,"I","fit_all_stats",0.0365735328221258
"191","rmse",32,"I","fitsumStats",0.00609763221478604
"192","rmse",32,"I","fit_NT_stats",0.00742031282066197
"193","R2",33,"I","fit_all_stats",0.999458855767189
"194","R2",33,"I","fitsumStats",0.999615392474998
"195","R2",33,"I","fit_NT_stats",0.999687665884022
"196","rmse",33,"I","fit_all_stats",0.0512449248965393
"197","rmse",33,"I","fitsumStats",0.0081535093977046
"198","rmse",33,"I","fit_NT_stats",0.00734759821111342
"199","R2",34,"I","fit_all_stats",0.999624518198805
"200","R2",34,"I","fitsumStats",0.999721984375848
"201","R2",34,"I","fit_NT_stats",0.999604239397357
"202","rmse",34,"I","fit_all_stats",0.0367071050144378
"203","rmse",34,"I","fitsumStats",0.00621226823579903
"204","rmse",34,"I","fit_NT_stats",0.0074119396960593
"205","R2",35,"I","fit_all_stats",0.999564137014812
"206","R2",35,"I","fitsumStats",0.999250822961858
"207","R2",35,"I","fit_NT_stats",0.999409911941294
"208","rmse",35,"I","fit_all_stats",0.0408046558083453
"209","rmse",35,"I","fitsumStats",0.00929845741356475
"210","rmse",35,"I","fit_NT_stats",0.00825233957503177
"211","R2",36,"I","fit_all_stats",0.999405102112529
"212","R2",36,"I","fitsumStats",0.99882653161147
"213","R2",36,"I","fit_NT_stats",0.99938547436858
"214","rmse",36,"I","fit_all_stats",0.0562887826586667
"215","rmse",36,"I","fitsumStats",0.0124266182230852
"216","rmse",36,"I","fit_NT_stats",0.00899264106818935
"217","R2",37,"I","fit_all_stats",0.999473731356719
"218","R2",37,"I","fitsumStats",0.999636493622773
"219","R2",37,"I","fit_NT_stats",0.999677780969764
"220","rmse",37,"I","fit_all_stats",0.0504154698179592
"221","rmse",37,"I","fitsumStats",0.00797596562782233
"222","rmse",37,"I","fit_NT_stats",0.00750935869778948
"223","R2",38,"I","fit_all_stats",0.999502264548064
"224","R2",38,"I","fitsumStats",0.999302441866512
"225","R2",38,"I","fit_NT_stats",0.999541433875044
"226","rmse",38,"I","fit_all_stats",0.0506286735005066
"227","rmse",38,"I","fitsumStats",0.00998839964170197
"228","rmse",38,"I","fit_NT_stats",0.00809853925625918
"229","R2",39,"I","fit_all_stats",0.999564919517545
"230","R2",39,"I","fitsumStats",0.999252459318817
"231","R2",39,"I","fit_NT_stats",0.999410665632732
"232","rmse",39,"I","fit_all_stats",0.0407450832935648
"233","rmse",39,"I","fitsumStats",0.0092867243873556
"234","rmse",39,"I","fit_NT_stats",0.00824567141912271
"235","R2",40,"I","fit_all_stats",0.999523868566588
"236","R2",40,"I","fitsumStats",0.99966858562525
"237","R2",40,"I","fit_NT_stats",0.999646758415318
"238","rmse",40,"I","fit_all_stats",0.0476085644860323
"239","rmse",40,"I","fitsumStats",0.00774243753137442
"240","rmse",40,"I","fit_NT_stats",0.00799333383729501
"241","R2",41,"I","fit_all_stats",0.999488369609917
"242","R2",41,"I","fitsumStats",0.999689685042795
"243","R2",41,"I","fit_NT_stats",0.999550948664299
"244","rmse",41,"I","fit_all_stats",0.0458868032800487
"245","rmse",41,"I","fitsumStats",0.00697381448336247
"246","rmse",41,"I","fit_NT_stats",0.00838913207590273
"247","R2",42,"I","fit_all_stats",0.999623210794125
"248","R2",42,"I","fitsumStats",0.999715561796379
"249","R2",42,"I","fit_NT_stats",0.999593121410446
"250","rmse",42,"I","fit_all_stats",0.0367846376153994
"251","rmse",42,"I","fitsumStats",0.00627843784615486
"252","rmse",42,"I","fit_NT_stats",0.00750913745834219
"253","R2",43,"I","fit_all_stats",0.99959136474325
"254","R2",43,"I","fitsumStats",0.999466903448004
"255","R2",43,"I","fit_NT_stats",0.999521895989223
"256","rmse",43,"I","fit_all_stats",0.0387379265577076
"257","rmse",43,"I","fitsumStats",0.00829680924555935
"258","rmse",43,"I","fit_NT_stats",0.00785722811371008
"259","R2",44,"I","fit_all_stats",0.999524611945043
"260","R2",44,"I","fitsumStats",0.999669470264704
"261","R2",44,"I","fit_NT_stats",0.999644556365505
"262","rmse",44,"I","fit_all_stats",0.0475374070810477
"263","rmse",44,"I","fitsumStats",0.00774316429002601
"264","rmse",44,"I","fit_NT_stats",0.00802968625888882
"265","R2",45,"I","fit_all_stats",0.999527637409273
"266","R2",45,"I","fitsumStats",0.999376757367647
"267","R2",45,"I","fit_NT_stats",0.999458477066962
"268","rmse",45,"I","fit_all_stats",0.0430673780420804
"269","rmse",45,"I","fitsumStats",0.00883103523711856
"270","rmse",45,"I","fit_NT_stats",0.00823173664487493
"271","R2",46,"I","fit_all_stats",0.999441004782258
"272","R2",46,"I","fitsumStats",0.999500879924042
"273","R2",46,"I","fit_NT_stats",0.999708274436143
"274","rmse",46,"I","fit_all_stats",0.0526776494501356
"275","rmse",46,"I","fitsumStats",0.00898005695738522
"276","rmse",46,"I","fit_NT_stats",0.00686536791232885
"277","R2",47,"I","fit_all_stats",0.999700480483341
"278","R2",47,"I","fitsumStats",0.999322740036916
"279","R2",47,"I","fit_NT_stats",0.999442070781523
"280","rmse",47,"I","fit_all_stats",0.0301125720033235
"281","rmse",47,"I","fitsumStats",0.0084135851946116
"282","rmse",47,"I","fit_NT_stats",0.00763647524547603
"283","R2",48,"I","fit_all_stats",0.999999321816196
"284","R2",48,"I","fitsumStats",0.999945273156189
"285","R2",48,"I","fit_NT_stats",0.999885702795608
"286","rmse",48,"I","fit_all_stats",0.00106145318382657
"287","rmse",48,"I","fitsumStats",0.000146900253320324
"288","rmse",48,"I","fit_NT_stats",0.000212295186648461
"289","R2",49,"I","fit_all_stats",0.999653389324307
"290","R2",49,"I","fitsumStats",0.999647482761827
"291","R2",49,"I","fit_NT_stats",0.999659678439229
"292","rmse",49,"I","fit_all_stats",0.0343997307416139
"293","rmse",49,"I","fitsumStats",0.00708126928691928
"294","rmse",49,"I","fit_NT_stats",0.00695769941879059
"295","R2",50,"I","fit_all_stats",0.999999999975094
"296","R2",50,"I","fitsumStats",0.999805366099471
"297","R2",50,"I","fit_NT_stats",0.999655476980816
"298","rmse",50,"I","fit_all_stats",6.42154744617398e-06
"299","rmse",50,"I","fitsumStats",1.96651973534813e-06
"300","rmse",50,"I","fit_NT_stats",2.61636414190518e-06
"301","R2",51,"I","fit_all_stats",0.999725197506944
"302","R2",51,"I","fitsumStats",0.999508149412471
"303","R2",51,"I","fit_NT_stats",0.999357976575941
"304","rmse",51,"I","fit_all_stats",0.0280894842350016
"305","rmse",51,"I","fitsumStats",0.00649486177126508
"306","rmse",51,"I","fit_NT_stats",0.00742042452290008
"307","R2",52,"I","fit_all_stats",0.99979302693542
"308","R2",52,"I","fitsumStats",0.999472521456801
"309","R2",52,"I","fit_NT_stats",0.999409706539434
"310","rmse",52,"I","fit_all_stats",0.0228554925716008
"311","rmse",52,"I","fitsumStats",0.00578798348345224
"312","rmse",52,"I","fit_NT_stats",0.0061229240179573
"313","R2",53,"I","fit_all_stats",0.999491974090628
"314","R2",53,"I","fitsumStats",0.999734635904398
"315","R2",53,"I","fit_NT_stats",0.999568363321655
"316","rmse",53,"I","fit_all_stats",0.0459446239545398
"317","rmse",53,"I","fitsumStats",0.00657271569899433
"318","rmse",53,"I","fit_NT_stats",0.0083826809619089
"319","R2",54,"I","fit_all_stats",0.999534855373174
"320","R2",54,"I","fitsumStats",0.999808774898369
"321","R2",54,"I","fit_NT_stats",0.999685963712234
"322","rmse",54,"I","fit_all_stats",0.0448282156315866
"323","rmse",54,"I","fitsumStats",0.00590068652783947
"324","rmse",54,"I","fit_NT_stats",0.00756170987934917
"325","R2",55,"I","fit_all_stats",0.999504057096514
"326","R2",55,"I","fitsumStats",0.99971595857326
"327","R2",55,"I","fit_NT_stats",0.999644221808971
"328","rmse",55,"I","fit_all_stats",0.047750146811689
"329","rmse",55,"I","fitsumStats",0.00733901175656818
"330","rmse",55,"I","fit_NT_stats",0.0082136539570134
"331","R2",56,"I","fit_all_stats",0.999907766032894
"332","R2",56,"I","fitsumStats",0.999851764436944
"333","R2",56,"I","fit_NT_stats",0.999664668787729
"334","rmse",56,"I","fit_all_stats",0.0135381638757503
"335","rmse",56,"I","fitsumStats",0.00255169797966123
"336","rmse",56,"I","fit_NT_stats",0.00383786819527034
"337","R2",57,"I","fit_all_stats",0.999581842596205
"338","R2",57,"I","fitsumStats",0.999384625520997
"339","R2",57,"I","fit_NT_stats",0.999486427630643
"340","rmse",57,"I","fit_all_stats",0.0393659846866283
"341","rmse",57,"I","fitsumStats",0.00874832258637584
"342","rmse",57,"I","fit_NT_stats",0.00799200732853437
"343","R2",58,"I","fit_all_stats",0.999442606656803
"344","R2",58,"I","fitsumStats",0.998568850250719
"345","R2",58,"I","fit_NT_stats",0.99941246178219
"346","rmse",58,"I","fit_all_stats",0.0553306385323077
"347","rmse",58,"I","fitsumStats",0.0136835768392855
"348","rmse",58,"I","fit_NT_stats",0.0087674875260833
"349","R2",59,"I","fit_all_stats",0.999925573532458
"350","R2",59,"I","fitsumStats",0.999885213257743
"351","R2",59,"I","fit_NT_stats",0.9997065296145
"352","rmse",59,"I","fit_all_stats",0.0119424982558957
"353","rmse",59,"I","fitsumStats",0.00206371595006508
"354","rmse",59,"I","fit_NT_stats",0.00329978920026249
"355","R2",60,"I","fit_all_stats",0.999537572924605
"356","R2",60,"I","fitsumStats",0.999503279593971
"357","R2",60,"I","fit_NT_stats",0.999510013685619
"358","rmse",60,"I","fit_all_stats",0.0430372006062145
"359","rmse",60,"I","fitsumStats",0.00828219157493707
"360","rmse",60,"I","fit_NT_stats",0.00822585871746139
"361","R2",61,"I","fit_all_stats",0.999581637104579
"362","R2",61,"I","fitsumStats",0.999383581042404
"363","R2",61,"I","fit_NT_stats",0.999486008221547
"364","rmse",61,"I","fit_all_stats",0.0393774087693938
"365","rmse",61,"I","fitsumStats",0.00875412262001867
"366","rmse",61,"I","fit_NT_stats",0.00799378969329154
"367","R2",62,"I","fit_all_stats",0.999635806518648
"368","R2",62,"I","fitsumStats",0.999780144032601
"369","R2",62,"I","fit_NT_stats",0.999616851134308
"370","rmse",62,"I","fit_all_stats",0.0360131805112755
"371","rmse",62,"I","fitsumStats",0.0055641003324125
"372","rmse",62,"I","fit_NT_stats",0.00734530097497266
"373","R2",63,"I","fit_all_stats",0.999515670168986
"374","R2",63,"I","fitsumStats",0.999811227946618
"375","R2",63,"I","fit_NT_stats",0.999705606325102
"376","rmse",63,"I","fit_all_stats",0.0460077065423908
"377","rmse",63,"I","fitsumStats",0.00592184979628581
"378","rmse",63,"I","fit_NT_stats",0.00739524855205316
"379","R2",64,"I","fit_all_stats",0.999609852855982
"380","R2",64,"I","fitsumStats",0.999644684348776
"381","R2",64,"I","fit_NT_stats",0.999580584823755
"382","rmse",64,"I","fit_all_stats",0.0375626742001466
"383","rmse",64,"I","fitsumStats",0.00695480684691707
"384","rmse",64,"I","fit_NT_stats",0.00755613962739932
"385","R2",65,"I","fit_all_stats",0.999553769252339
"386","R2",65,"I","fitsumStats",0.999286324377469
"387","R2",65,"I","fit_NT_stats",0.999430591197433
"388","rmse",65,"I","fit_all_stats",0.0410759934304753
"389","rmse",65,"I","fitsumStats",0.00910977816952941
"390","rmse",65,"I","fit_NT_stats",0.00813709635590466
"391","R2",66,"I","fit_all_stats",0.999951632380772
"392","R2",66,"I","fitsumStats",0.999903126701755
"393","R2",66,"I","fit_NT_stats",0.99976223410078
"394","rmse",66,"I","fit_all_stats",0.00938290954510432
"395","rmse",66,"I","fitsumStats",0.00157777866553041
"396","rmse",66,"I","fit_NT_stats",0.00247183125781301
"397","R2",67,"I","fit_all_stats",0.999537562748033
"398","R2",67,"I","fitsumStats",0.999488818652545
"399","R2",67,"I","fit_NT_stats",0.999504958018665
"400","rmse",67,"I","fit_all_stats",0.0429905947374179
"401","rmse",67,"I","fitsumStats",0.00835560852265725
"402","rmse",67,"I","fit_NT_stats",0.00822264612519311
"403","R2",68,"I","fit_all_stats",0.999627053140864
"404","R2",68,"I","fitsumStats",0.99973418129663
"405","R2",68,"I","fit_NT_stats",0.999604556615391
"406","rmse",68,"I","fit_all_stats",0.036557955013129
"407","rmse",68,"I","fitsumStats",0.00608332280728734
"408","rmse",68,"I","fit_NT_stats",0.00741976673990183
"409","R2",69,"I","fit_all_stats",0.999589897918956
"410","R2",69,"I","fitsumStats",0.999481372166494
"411","R2",69,"I","fit_NT_stats",0.999529993010499
"412","rmse",69,"I","fit_all_stats",0.0387711570714917
"413","rmse",69,"I","fitsumStats",0.00821344309322338
"414","rmse",69,"I","fit_NT_stats",0.00781896916394018
"415","R2",70,"I","fit_all_stats",0.999607475374349
"416","R2",70,"I","fitsumStats",0.999630742821779
"417","R2",70,"I","fit_NT_stats",0.999577570578538
"418","rmse",70,"I","fit_all_stats",0.0377009206236082
"419","rmse",70,"I","fitsumStats",0.00707688610837271
"420","rmse",70,"I","fit_NT_stats",0.00756928420873623
"421","R2",71,"I","fit_all_stats",0.999874834781614
"422","R2",71,"I","fitsumStats",0.99974496550085
"423","R2",71,"I","fit_NT_stats",0.999554872181092
"424","rmse",71,"I","fit_all_stats",0.0163273777364023
"425","rmse",71,"I","fitsumStats",0.0037026008518988
"426","rmse",71,"I","fit_NT_stats",0.00489158718958955
"427","R2",72,"I","fit_all_stats",0.999528613287162
"428","R2",72,"I","fitsumStats",0.999380003931612
"429","R2",72,"I","fit_NT_stats",0.999454148729504
"430","rmse",72,"I","fit_all_stats",0.0430521342225226
"431","rmse",72,"I","fitsumStats",0.00883610988785533
"432","rmse",72,"I","fit_NT_stats",0.00829094059114333
"433","R2",73,"I","fit_all_stats",0.999564405482906
"434","R2",73,"I","fitsumStats",0.999249708271032
"435","R2",73,"I","fit_NT_stats",0.999408973226534
"436","rmse",73,"I","fit_all_stats",0.0408057999455924
"437","rmse",73,"I","fitsumStats",0.00930695390301635
"438","rmse",73,"I","fit_NT_stats",0.00826030457220891
"439","R2",74,"I","fit_all_stats",0.99992258362817
"440","R2",74,"I","fitsumStats",0.999880791754073
"441","R2",74,"I","fit_NT_stats",0.999699930204954
"442","rmse",74,"I","fit_all_stats",0.0122158544569645
"443","rmse",74,"I","fitsumStats",0.00213615448631742
"444","rmse",74,"I","fit_NT_stats",0.00338914889915796
"445","R2",75,"I","fit_all_stats",0.999466883419562
"446","R2",75,"I","fitsumStats",0.998634406302156
"447","R2",75,"I","fit_NT_stats",0.99939957661627
"448","rmse",75,"I","fit_all_stats",0.0548188480423813
"449","rmse",75,"I","fitsumStats",0.0137856513463431
"450","rmse",75,"I","fit_NT_stats",0.00914103427653013
"451","R2",76,"I","fit_all_stats",0.999473686423643
"452","R2",76,"I","fitsumStats",0.998635604669608
"453","R2",76,"I","fit_NT_stats",0.999418683215367
"454","rmse",76,"I","fit_all_stats",0.0541248880231046
"455","rmse",76,"I","fitsumStats",0.0135248710185216
"456","rmse",76,"I","fit_NT_stats",0.00882814486892199
"457","R2",77,"I","fit_all_stats",0.999701273174654
"458","R2",77,"I","fitsumStats",0.999287448815849
"459","R2",77,"I","fit_NT_stats",0.9994765461442
"460","rmse",77,"I","fit_all_stats",0.0302377114722421
"461","rmse",77,"I","fitsumStats",0.00880340251729028
"462","rmse",77,"I","fit_NT_stats",0.00754539062363503
"463","R2",78,"I","fit_all_stats",0.999528767746105
"464","R2",78,"I","fitsumStats",0.999692560675012
"465","R2",78,"I","fit_NT_stats",0.999631702741992
"466","rmse",78,"I","fit_all_stats",0.0470051408081373
"467","rmse",78,"I","fitsumStats",0.00755635166461297
"468","rmse",78,"I","fit_NT_stats",0.00827049865063091
"469","R2",79,"I","fit_all_stats",0.999524963048871
"470","R2",79,"I","fitsumStats",0.999794464977817
"471","R2",79,"I","fit_NT_stats",0.999636577690362
"472","rmse",79,"I","fit_all_stats",0.0449280960822884
"473","rmse",79,"I","fitsumStats",0.00599860813888672
"474","rmse",79,"I","fit_NT_stats",0.00797651832696678
"475","R2",80,"I","fit_all_stats",0.99978264288649
"476","R2",80,"I","fitsumStats",0.999489939046721
"477","R2",80,"I","fit_NT_stats",0.999430539336231
"478","rmse",80,"I","fit_all_stats",0.023669527776625
"479","rmse",80,"I","fitsumStats",0.00575995350298266
"480","rmse",80,"I","fit_NT_stats",0.00608611008387514
"481","R2",81,"I","fit_all_stats",0.999459083863691
"482","R2",81,"I","fitsumStats",0.999614769942889
"483","R2",81,"I","fit_NT_stats",0.99968617184048
"484","rmse",81,"I","fit_all_stats",0.0512122659482306
"485","rmse",81,"I","fitsumStats",0.00816938337000389
"486","rmse",81,"I","fit_NT_stats",0.00737352486894294
"487","R2",82,"I","fit_all_stats",0.999998302924989
"488","R2",82,"I","fitsumStats",0.999915919645754
"489","R2",82,"I","fit_NT_stats",0.99989528991269
"490","rmse",82,"I","fit_all_stats",0.00168102644962175
"491","rmse",82,"I","fitsumStats",0.000291473879633792
"492","rmse",82,"I","fit_NT_stats",0.000325271967093903
"493","R2",83,"I","fit_all_stats",0.999702626968079
"494","R2",83,"I","fitsumStats",0.999371094845616
"495","R2",83,"I","fit_NT_stats",0.999403063191115
"496","rmse",83,"I","fit_all_stats",0.0298039893210918
"497","rmse",83,"I","fitsumStats",0.00790751865814053
"498","rmse",83,"I","fit_NT_stats",0.00770392113122543
"499","R2",84,"I","fit_all_stats",0.999475207920371
"500","R2",84,"I","fitsumStats",0.998640530468262
"501","R2",84,"I","fit_NT_stats",0.999408852695462
"502","rmse",84,"I","fit_all_stats",0.05428510936239
"503","rmse",84,"I","fitsumStats",0.0136680921822546
"504","rmse",84,"I","fit_NT_stats",0.00901303415140609
"505","R2",85,"I","fit_all_stats",0.9995279143827
"506","R2",85,"I","fitsumStats",0.999377438057205
"507","R2",85,"I","fit_NT_stats",0.999452969417152
"508","rmse",85,"I","fit_all_stats",0.0430682224306863
"509","rmse",85,"I","fitsumStats",0.00883909694119217
"510","rmse",85,"I","fit_NT_stats",0.00828557048444085
"511","R2",86,"I","fit_all_stats",0.999659848928656
"512","R2",86,"I","fitsumStats",0.99952638136308
"513","R2",86,"I","fit_NT_stats",0.999673220533827
"514","rmse",86,"I","fit_all_stats",0.0338619544505743
"515","rmse",86,"I","fitsumStats",0.00815145212057292
"516","rmse",86,"I","fit_NT_stats",0.00677092447657198
"517","R2",87,"I","fit_all_stats",0.9998495874249
"518","R2",87,"I","fitsumStats",0.99963002950972
"519","R2",87,"I","fit_NT_stats",0.999449098283711
"520","rmse",87,"I","fit_all_stats",0.0183899605146116
"521","rmse",87,"I","fitsumStats",0.00464680728124558
"522","rmse",87,"I","fit_NT_stats",0.00567032799957296
"523","R2",88,"I","fit_all_stats",0.999543131407696
"524","R2",88,"I","fitsumStats",0.999278359348137
"525","R2",88,"I","fit_NT_stats",0.999406499137781
"526","rmse",88,"I","fit_all_stats",0.0420328070464589
"527","rmse",88,"I","fitsumStats",0.00922316243578626
"528","rmse",88,"I","fit_NT_stats",0.00836430844097441
"529","R2",89,"I","fit_all_stats",0.999830405829356
"530","R2",89,"I","fitsumStats",0.999539604365758
"531","R2",89,"I","fit_NT_stats",0.999390746423073
"532","rmse",89,"I","fit_all_stats",0.019932646462182
"533","rmse",89,"I","fitsumStats",0.00527323401925619
"534","rmse",89,"I","fit_NT_stats",0.00606611292321493
"535","R2",90,"I","fit_all_stats",0.999663883073565
"536","R2",90,"I","fitsumStats",0.999436192668649
"537","R2",90,"I","fit_NT_stats",0.999681541057327
"538","rmse",90,"I","fit_all_stats",0.0334903799847642
"539","rmse",90,"I","fitsumStats",0.00882634180998722
"540","rmse",90,"I","fit_NT_stats",0.00663349043095575
"541","R2",91,"I","fit_all_stats",0.999477019331452
"542","R2",91,"I","fitsumStats",0.999057620477854
"543","R2",91,"I","fit_NT_stats",0.999428234461431
"544","rmse",91,"I","fit_all_stats",0.0523941809437125
"545","rmse",91,"I","fitsumStats",0.0112985156757625
"546","rmse",91,"I","fit_NT_stats",0.0088007049324779
"547","R2",92,"I","fit_all_stats",0.999579557139834
"548","R2",92,"I","fitsumStats",0.999377514730206
"549","R2",92,"I","fit_NT_stats",0.999483900790583
"550","rmse",92,"I","fit_all_stats",0.0394936887164923
"551","rmse",92,"I","fitsumStats",0.00877998361626847
"552","rmse",92,"I","fit_NT_stats",0.00799458202791803
"553","R2",93,"I","fit_all_stats",0.999458772180339
"554","R2",93,"I","fitsumStats",0.999614469840237
"555","R2",93,"I","fit_NT_stats",0.99968648805849
"556","rmse",93,"I","fit_all_stats",0.0512308226961691
"557","rmse",93,"I","fitsumStats",0.00817095532538785
"558","rmse",93,"I","fit_NT_stats",0.00736835769875897
"559","R2",94,"I","fit_all_stats",0.999951588518142
"560","R2",94,"I","fitsumStats",0.999903938907241
"561","R2",94,"I","fit_NT_stats",0.999761888765976
"562","rmse",94,"I","fit_all_stats",0.00938907870733138
"563","rmse",94,"I","fitsumStats",0.00157414873921913
"564","rmse",94,"I","fit_NT_stats",0.00247834605481915
"565","R2",95,"I","fit_all_stats",0.999528877521686
"566","R2",95,"I","fitsumStats",0.999385037456501
"567","R2",95,"I","fit_NT_stats",0.999457617855756
"568","rmse",95,"I","fit_all_stats",0.0430506257287117
"569","rmse",95,"I","fitsumStats",0.00881040350966129
"570","rmse",95,"I","fit_NT_stats",0.00827416465206944
"571","R2",96,"I","fit_all_stats",0.999999957010159
"572","R2",96,"I","fitsumStats",0.99996884309543
"573","R2",96,"I","fit_NT_stats",0.999786361009021
"574","rmse",96,"I","fit_all_stats",0.000266903449336656
"575","rmse",96,"I","fitsumStats",1.99837502656515e-05
"576","rmse",96,"I","fit_NT_stats",5.2328718680842e-05
"577","R2",97,"I","fit_all_stats",0.999525474159791
"578","R2",97,"I","fitsumStats",0.999810055124774
"579","R2",97,"I","fit_NT_stats",0.999696713363639
"580","rmse",97,"I","fit_all_stats",0.0454136010475062
"581","rmse",97,"I","fitsumStats",0.00591375852626602
"582","rmse",97,"I","fit_NT_stats",0.00747268084553358
"583","R2",98,"I","fit_all_stats",1
"584","R2",98,"I","fitsumStats",0.999798052729573
"585","R2",98,"I","fit_NT_stats",0.999205760322975
"586","rmse",98,"I","fit_all_stats",1.35575793201138e-08
"587","rmse",98,"I","fitsumStats",2.8870132664619e-09
"588","rmse",98,"I","fit_NT_stats",5.72539659778559e-09
"589","R2",99,"I","fit_all_stats",0.999942996429962
"590","R2",99,"I","fitsumStats",0.999901141791858
"591","R2",99,"I","fit_NT_stats",0.999743764188772
"592","rmse",99,"I","fit_all_stats",0.0102715948645609
"593","rmse",99,"I","fitsumStats",0.00171103673303388
"594","rmse",99,"I","fit_NT_stats",0.00275469093010102
"595","R2",100,"I","fit_all_stats",0.999999999999938
"596","R2",100,"I","fitsumStats",0.999855431082973
"597","R2",100,"I","fit_NT_stats",0.999156279752509
"598","rmse",100,"I","fit_all_stats",3.19983843719095e-07
"599","rmse",100,"I","fitsumStats",6.30651273572083e-08
"600","rmse",100,"I","fit_NT_stats",1.52353013525413e-07
"601","R2",1,"II","fit_all_stats",0.99957272803925
"602","R2",1,"II","fitsumStats",0.999029002903316
"603","R2",1,"II","fit_NT_stats",0.999705488912768
"604","rmse",1,"II","fit_all_stats",0.0638756096636468
"605","rmse",1,"II","fitsumStats",0.0144534607682691
"606","rmse",1,"II","fit_NT_stats",0.00796001171272173
"607","R2",2,"II","fit_all_stats",0.998304560339749
"608","R2",2,"II","fitsumStats",0.988196522220279
"609","R2",2,"II","fit_NT_stats",0.99908176660087
"610","rmse",2,"II","fit_all_stats",0.193794214468318
"611","rmse",2,"II","fitsumStats",0.0623497639020774
"612","rmse",2,"II","fit_NT_stats",0.0173902715103978
"613","R2",3,"II","fit_all_stats",0.996764236181972
"614","R2",3,"II","fitsumStats",0.929431407604799
"615","R2",3,"II","fit_NT_stats",0.999334291259321
"616","rmse",3,"II","fit_all_stats",0.657148842865529
"617","rmse",3,"II","fitsumStats",0.214720868265001
"618","rmse",3,"II","fit_NT_stats",0.0208550222175798
"619","R2",4,"II","fit_all_stats",0.999457944862571
"620","R2",4,"II","fitsumStats",0.99476572607651
"621","R2",4,"II","fit_NT_stats",0.999203820371097
"622","rmse",4,"II","fit_all_stats",0.0844559927707275
"623","rmse",4,"II","fitsumStats",0.038336202936511
"624","rmse",4,"II","fit_NT_stats",0.0149515563779136
"625","R2",5,"II","fit_all_stats",0.999211913951967
"626","R2",5,"II","fitsumStats",0.990196119898789
"627","R2",5,"II","fit_NT_stats",0.999724178819523
"628","rmse",5,"II","fit_all_stats",0.122776781165844
"629","rmse",5,"II","fitsumStats",0.0555607559929211
"630","rmse",5,"II","fit_NT_stats",0.00931929280512082
"631","R2",6,"II","fit_all_stats",0.998063803655498
"632","R2",6,"II","fitsumStats",0.938627274469624
"633","R2",6,"II","fit_NT_stats",0.999175869956684
"634","rmse",6,"II","fit_all_stats",0.481766173721649
"635","rmse",6,"II","fitsumStats",0.160531149242484
"636","rmse",6,"II","fit_NT_stats",0.0186024215964793
"637","R2",7,"II","fit_all_stats",0.99896344670066
"638","R2",7,"II","fitsumStats",0.991160999833472
"639","R2",7,"II","fit_NT_stats",0.99906810035077
"640","rmse",7,"II","fit_all_stats",0.158983712858108
"641","rmse",7,"II","fitsumStats",0.0541361201247268
"642","rmse",7,"II","fit_NT_stats",0.0175780271223889
"643","R2",8,"II","fit_all_stats",0.999130812378746
"644","R2",8,"II","fitsumStats",0.993171828625071
"645","R2",8,"II","fit_NT_stats",0.99950451059781
"646","rmse",8,"II","fit_all_stats",0.112645122256989
"647","rmse",8,"II","fitsumStats",0.0482701998282998
"648","rmse",8,"II","fit_NT_stats",0.0130030153551003
"649","R2",9,"II","fit_all_stats",0.99757576417898
"650","R2",9,"II","fitsumStats",0.981700201963327
"651","R2",9,"II","fit_NT_stats",0.991603732297299
"652","rmse",9,"II","fit_all_stats",0.146907960899815
"653","rmse",9,"II","fitsumStats",0.0511528020447523
"654","rmse",9,"II","fit_NT_stats",0.0346488973653728
"655","R2",10,"II","fit_all_stats",0.999027714218155
"656","R2",10,"II","fitsumStats",0.98982561783108
"657","R2",10,"II","fit_NT_stats",0.999425497372497
"658","rmse",10,"II","fit_all_stats",0.185952225173195
"659","rmse",10,"II","fitsumStats",0.0643800326633385
"660","rmse",10,"II","fit_NT_stats",0.0152983002070989
"661","R2",11,"II","fit_all_stats",0.997029214119389
"662","R2",11,"II","fitsumStats",0.966727147064291
"663","R2",11,"II","fit_NT_stats",0.997942525029599
"664","rmse",11,"II","fit_all_stats",0.65569573641029
"665","rmse",11,"II","fitsumStats",0.146427684548171
"666","rmse",11,"II","fit_NT_stats",0.0364120772174092
"667","R2",12,"II","fit_all_stats",0.997069109998764
"668","R2",12,"II","fitsumStats",0.983572763332991
"669","R2",12,"II","fit_NT_stats",0.988467308583144
"670","rmse",12,"II","fit_all_stats",0.199864400142634
"671","rmse",12,"II","fitsumStats",0.0607734344549465
"672","rmse",12,"II","fit_NT_stats",0.0509209923814844
"673","R2",13,"II","fit_all_stats",0.999492407903466
"674","R2",13,"II","fitsumStats",0.995563397398852
"675","R2",13,"II","fit_NT_stats",0.999127176795259
"676","rmse",13,"II","fit_all_stats",0.0771048548408572
"677","rmse",13,"II","fitsumStats",0.0347235120996073
"678","rmse",13,"II","fit_NT_stats",0.0154014468864901
"679","R2",14,"II","fit_all_stats",0.973771387003423
"680","R2",14,"II","fitsumStats",0.470665626174435
"681","R2",14,"II","fit_NT_stats",0.998633850894866
"682","rmse",14,"II","fit_all_stats",2.91622186430121
"683","rmse",14,"II","fitsumStats",0.552281459246305
"684","rmse",14,"II","fit_NT_stats",0.0280572089283666
"685","R2",15,"II","fit_all_stats",0.998778330712076
"686","R2",15,"II","fitsumStats",0.994667825833323
"687","R2",15,"II","fit_NT_stats",0.999498967917744
"688","rmse",15,"II","fit_all_stats",0.129103835682159
"689","rmse",15,"II","fitsumStats",0.0369148590172252
"690","rmse",15,"II","fit_NT_stats",0.0113157102585569
"691","R2",16,"II","fit_all_stats",0.999142810720186
"692","R2",16,"II","fitsumStats",0.995077875670157
"693","R2",16,"II","fit_NT_stats",0.999901938358658
"694","rmse",16,"II","fit_all_stats",0.106296285965556
"695","rmse",16,"II","fitsumStats",0.0363329775235629
"696","rmse",16,"II","fit_NT_stats",0.00512831011361843
"697","R2",17,"II","fit_all_stats",0.988372992535594
"698","R2",17,"II","fitsumStats",0.957876203634908
"699","R2",17,"II","fit_NT_stats",0.992239084731282
"700","rmse",17,"II","fit_all_stats",0.581143310409718
"701","rmse",17,"II","fitsumStats",0.117702155873992
"702","rmse",17,"II","fit_NT_stats",0.0505216046800222
"703","R2",18,"II","fit_all_stats",0.994970785027986
"704","R2",18,"II","fitsumStats",0.983492485140862
"705","R2",18,"II","fit_NT_stats",0.970749445746414
"706","rmse",18,"II","fit_all_stats",0.31336905881756
"707","rmse",18,"II","fitsumStats",0.0651255636569904
"708","rmse",18,"II","fit_NT_stats",0.0866917353527613
"709","R2",19,"II","fit_all_stats",0.997960906037203
"710","R2",19,"II","fitsumStats",0.966866087833595
"711","R2",19,"II","fit_NT_stats",0.998953215936795
"712","rmse",19,"II","fit_all_stats",0.267515046973892
"713","rmse",19,"II","fitsumStats",0.105655881851532
"714","rmse",19,"II","fit_NT_stats",0.0187795798590501
"715","R2",20,"II","fit_all_stats",0.998815957889968
"716","R2",20,"II","fitsumStats",0.995445505382444
"717","R2",20,"II","fit_NT_stats",0.999812156600099
"718","rmse",20,"II","fit_all_stats",0.134382503212014
"719","rmse",20,"II","fitsumStats",0.0352183340658434
"720","rmse",20,"II","fit_NT_stats",0.0071523158057502
"721","R2",21,"II","fit_all_stats",0.992495049822224
"722","R2",21,"II","fitsumStats",0.718224418370547
"723","R2",21,"II","fit_NT_stats",0.997117116878021
"724","rmse",21,"II","fit_all_stats",1.12128934230371
"725","rmse",21,"II","fitsumStats",0.414436328053025
"726","rmse",21,"II","fit_NT_stats",0.0419198439688277
"727","R2",22,"II","fit_all_stats",0.998402110874309
"728","R2",22,"II","fitsumStats",0.987697403139417
"729","R2",22,"II","fit_NT_stats",0.999697727437272
"730","rmse",22,"II","fit_all_stats",0.177123124812933
"731","rmse",22,"II","fitsumStats",0.0634905609636686
"732","rmse",22,"II","fit_NT_stats",0.00995199460205437
"733","R2",23,"II","fit_all_stats",0.998834898846263
"734","R2",23,"II","fitsumStats",0.994759162262992
"735","R2",23,"II","fit_NT_stats",0.998763200922829
"736","rmse",23,"II","fit_all_stats",0.170677492941899
"737","rmse",23,"II","fitsumStats",0.0420364235530508
"738","rmse",23,"II","fit_NT_stats",0.0204209047080384
"739","R2",24,"II","fit_all_stats",0.984477722831907
"740","R2",24,"II","fitsumStats",0.985702958700717
"741","R2",24,"II","fit_NT_stats",0.992282691952276
"742","rmse",24,"II","fit_all_stats",0.425274519947709
"743","rmse",24,"II","fitsumStats",0.0711956157227981
"744","rmse",24,"II","fit_NT_stats",0.0523073938619865
"745","R2",25,"II","fit_all_stats",0.999159804262891
"746","R2",25,"II","fitsumStats",0.981895619172892
"747","R2",25,"II","fit_NT_stats",0.998055868741641
"748","rmse",25,"II","fit_all_stats",0.144120061042021
"749","rmse",25,"II","fitsumStats",0.0781706230203107
"750","rmse",25,"II","fit_NT_stats",0.025616189455212
"751","R2",26,"II","fit_all_stats",0.976584725950988
"752","R2",26,"II","fitsumStats",0.96042599379549
"753","R2",26,"II","fit_NT_stats",0.978316172288114
"754","rmse",26,"II","fit_all_stats",0.496206555071109
"755","rmse",26,"II","fitsumStats",0.0932385784376973
"756","rmse",26,"II","fit_NT_stats",0.0690174022200204
"757","R2",27,"II","fit_all_stats",0.971275426936423
"758","R2",27,"II","fitsumStats",0.971060315453606
"759","R2",27,"II","fit_NT_stats",0.959191645843427
"760","rmse",27,"II","fit_all_stats",0.698179066736448
"761","rmse",27,"II","fitsumStats",0.109827285641977
"762","rmse",27,"II","fit_NT_stats",0.130418107424854
"763","R2",28,"II","fit_all_stats",0.99209165713766
"764","R2",28,"II","fitsumStats",0.957166359242996
"765","R2",28,"II","fit_NT_stats",0.980795718756589
"766","rmse",28,"II","fit_all_stats",0.414249845492921
"767","rmse",28,"II","fitsumStats",0.107880332700918
"768","rmse",28,"II","fit_NT_stats",0.0722351885808844
"769","R2",29,"II","fit_all_stats",0.998885319850759
"770","R2",29,"II","fitsumStats",0.99643196809438
"771","R2",29,"II","fit_NT_stats",0.999708168764826
"772","rmse",29,"II","fit_all_stats",0.130846016675297
"773","rmse",29,"II","fitsumStats",0.031230215802396
"774","rmse",29,"II","fit_NT_stats",0.00893154328465926
"775","R2",30,"II","fit_all_stats",0.999689690918931
"776","R2",30,"II","fitsumStats",0.99698910921708
"777","R2",30,"II","fit_NT_stats",0.999287915623933
"778","rmse",30,"II","fit_all_stats",0.0547227470237774
"779","rmse",30,"II","fitsumStats",0.0237564859478981
"780","rmse",30,"II","fit_NT_stats",0.0115531504178743
"781","R2",31,"II","fit_all_stats",0.971026534536333
"782","R2",31,"II","fitsumStats",0.914293247541301
"783","R2",31,"II","fit_NT_stats",0.961675234795955
"784","rmse",31,"II","fit_all_stats",0.726918175630403
"785","rmse",31,"II","fitsumStats",0.184718936849869
"786","rmse",31,"II","fit_NT_stats",0.123521811467947
"787","R2",32,"II","fit_all_stats",0.994934113650862
"788","R2",32,"II","fitsumStats",0.948906704909006
"789","R2",32,"II","fit_NT_stats",0.997795450631201
"790","rmse",32,"II","fit_all_stats",0.486049303048553
"791","rmse",32,"II","fitsumStats",0.1495447811798
"792","rmse",32,"II","fit_NT_stats",0.0310634165221706
"793","R2",33,"II","fit_all_stats",0.9990567522983
"794","R2",33,"II","fitsumStats",0.995063890145352
"795","R2",33,"II","fit_NT_stats",0.999709528835458
"796","rmse",33,"II","fit_all_stats",0.11342742706528
"797","rmse",33,"II","fitsumStats",0.0366327048090253
"798","rmse",33,"II","fit_NT_stats",0.00888644569105652
"799","R2",34,"II","fit_all_stats",0.997411370391729
"800","R2",34,"II","fitsumStats",0.989000732145769
"801","R2",34,"II","fit_NT_stats",0.968696448798725
"802","rmse",34,"II","fit_all_stats",0.190990055545557
"803","rmse",34,"II","fitsumStats",0.0425189181558062
"804","rmse",34,"II","fit_NT_stats",0.0717293872777151
"805","R2",35,"II","fit_all_stats",0.999425724550881
"806","R2",35,"II","fitsumStats",0.987621728125537
"807","R2",35,"II","fit_NT_stats",0.998798538601485
"808","rmse",35,"II","fit_all_stats",0.117959243890589
"809","rmse",35,"II","fitsumStats",0.0636931788501037
"810","rmse",35,"II","fit_NT_stats",0.0198434795037448
"811","R2",36,"II","fit_all_stats",0.998546311610127
"812","R2",36,"II","fitsumStats",0.979625091711029
"813","R2",36,"II","fit_NT_stats",0.999252598274207
"814","rmse",36,"II","fit_all_stats",0.183549418140189
"815","rmse",36,"II","fitsumStats",0.0814316648267114
"816","rmse",36,"II","fit_NT_stats",0.0155963341262767
"817","R2",37,"II","fit_all_stats",0.984597306630859
"818","R2",37,"II","fitsumStats",0.944651044546266
"819","R2",37,"II","fit_NT_stats",0.979338511454344
"820","rmse",37,"II","fit_all_stats",0.532079983110576
"821","rmse",37,"II","fitsumStats",0.13058434472992
"822","rmse",37,"II","fit_NT_stats",0.079784256615194
"823","R2",38,"II","fit_all_stats",0.939108375609685
"824","R2",38,"II","fitsumStats",0.973828502122176
"825","R2",38,"II","fit_NT_stats",0.996067242883733
"826","rmse",38,"II","fit_all_stats",1.68611824043204
"827","rmse",38,"II","fitsumStats",0.103542301892622
"828","rmse",38,"II","fit_NT_stats",0.0401376636070267
"829","R2",39,"II","fit_all_stats",0.999999999999924
"830","R2",39,"II","fitsumStats",0.99990026190946
"831","R2",39,"II","fit_NT_stats",0.999369312580382
"832","rmse",39,"II","fit_all_stats",8.61691392399682e-07
"833","rmse",39,"II","fitsumStats",9.09470937629075e-08
"834","rmse",39,"II","fit_NT_stats",2.28699589437021e-07
"835","R2",40,"II","fit_all_stats",0.999983152892178
"836","R2",40,"II","fitsumStats",0.99388921045016
"837","R2",40,"II","fit_NT_stats",0.999414428637918
"838","rmse",40,"II","fit_all_stats",0.013887153263114
"839","rmse",40,"II","fitsumStats",0.00832526598421712
"840","rmse",40,"II","fit_NT_stats",0.00257714805162637
"841","R2",41,"II","fit_all_stats",0.999999993373005
"842","R2",41,"II","fitsumStats",0.999628566984663
"843","R2",41,"II","fit_NT_stats",0.998033657984034
"844","rmse",41,"II","fit_all_stats",0.000229558344317927
"845","rmse",41,"II","fitsumStats",5.9117770208167e-05
"846","rmse",41,"II","fit_NT_stats",0.000136021425724292
"847","R2",42,"II","fit_all_stats",0.999148884441649
"848","R2",42,"II","fitsumStats",0.984645082370586
"849","R2",42,"II","fit_NT_stats",0.999658619047076
"850","rmse",42,"II","fit_all_stats",0.127671079260748
"851","rmse",42,"II","fitsumStats",0.0688477567984669
"852","rmse",42,"II","fit_NT_stats",0.010265632013072
"853","R2",43,"II","fit_all_stats",0.999995286926826
"854","R2",43,"II","fitsumStats",0.998817564520256
"855","R2",43,"II","fit_NT_stats",0.999812680006882
"856","rmse",43,"II","fit_all_stats",0.00701165309306273
"857","rmse",43,"II","fitsumStats",0.00268616246383858
"858","rmse",43,"II","fit_NT_stats",0.00106914255562074
"859","R2",44,"II","fit_all_stats",0.997876213832253
"860","R2",44,"II","fitsumStats",0.992995168333892
"861","R2",44,"II","fit_NT_stats",0.997788925403005
"862","rmse",44,"II","fit_all_stats",0.194656821200219
"863","rmse",44,"II","fitsumStats",0.0473608556570456
"864","rmse",44,"II","fit_NT_stats",0.0266086221217333
"865","R2",45,"II","fit_all_stats",0.98934613928629
"866","R2",45,"II","fitsumStats",0.952505631938399
"867","R2",45,"II","fit_NT_stats",0.990426248842283
"868","rmse",45,"II","fit_all_stats",0.354015789179875
"869","rmse",45,"II","fitsumStats",0.122840644020497
"870","rmse",45,"II","fit_NT_stats",0.055152105322978
"871","R2",46,"II","fit_all_stats",0.999474521178843
"872","R2",46,"II","fitsumStats",0.998632110825666
"873","R2",46,"II","fit_NT_stats",0.998562232289706
"874","rmse",46,"II","fit_all_stats",0.0719156386685845
"875","rmse",46,"II","fitsumStats",0.0174374454744192
"876","rmse",46,"II","fit_NT_stats",0.0178772934627577
"877","R2",47,"II","fit_all_stats",0.993251917563855
"878","R2",47,"II","fitsumStats",0.960898030731167
"879","R2",47,"II","fit_NT_stats",0.986252065248528
"880","rmse",47,"II","fit_all_stats",0.36900434893301
"881","rmse",47,"II","fitsumStats",0.109937786975773
"882","rmse",47,"II","fit_NT_stats",0.0651878123289916
"883","R2",48,"II","fit_all_stats",0.999954861595464
"884","R2",48,"II","fitsumStats",0.999032652206358
"885","R2",48,"II","fit_NT_stats",0.999592916131796
"886","rmse",48,"II","fit_all_stats",0.0200506670443306
"887","rmse",48,"II","fitsumStats",0.00747927552177508
"888","rmse",48,"II","fit_NT_stats",0.00485188116863302
"889","R2",49,"II","fit_all_stats",0.998873253019493
"890","R2",49,"II","fitsumStats",0.991787845857271
"891","R2",49,"II","fit_NT_stats",0.999690843987747
"892","rmse",49,"II","fit_all_stats",0.144486742466959
"893","rmse",49,"II","fitsumStats",0.0521634464143481
"894","rmse",49,"II","fit_NT_stats",0.0101210735159952
"895","R2",50,"II","fit_all_stats",0.998866823714239
"896","R2",50,"II","fitsumStats",0.988903759914381
"897","R2",50,"II","fit_NT_stats",0.999748279909578
"898","rmse",50,"II","fit_all_stats",0.137795441812716
"899","rmse",50,"II","fitsumStats",0.0568685998778855
"900","rmse",50,"II","fit_NT_stats",0.00856531921522652
"901","R2",51,"II","fit_all_stats",0.999999907091321
"902","R2",51,"II","fitsumStats",0.9998790613282
"903","R2",51,"II","fit_NT_stats",0.99971789592866
"904","rmse",51,"II","fit_all_stats",0.000896487976834071
"905","rmse",51,"II","fitsumStats",0.000244216001387333
"906","rmse",51,"II","fit_NT_stats",0.000372989147527349
"907","R2",52,"II","fit_all_stats",0.999981317249778
"908","R2",52,"II","fitsumStats",0.998073669889121
"909","R2",52,"II","fit_NT_stats",0.999901728658623
"910","rmse",52,"II","fit_all_stats",0.0146857226480188
"911","rmse",52,"II","fitsumStats",0.00607332359267581
"912","rmse",52,"II","fit_NT_stats",0.00137174854054433
"913","R2",53,"II","fit_all_stats",0.992208125316829
"914","R2",53,"II","fitsumStats",0.717419847912841
"915","R2",53,"II","fit_NT_stats",0.989742455734476
"916","rmse",53,"II","fit_all_stats",1.23672599839089
"917","rmse",53,"II","fitsumStats",0.400522511294354
"918","rmse",53,"II","fit_NT_stats",0.0763093585948108
"919","R2",54,"II","fit_all_stats",0.99992535908844
"920","R2",54,"II","fitsumStats",0.99966701311074
"921","R2",54,"II","fit_NT_stats",0.999838367894078
"922","rmse",54,"II","fit_all_stats",0.0242998504369579
"923","rmse",54,"II","fitsumStats",0.00652715059775815
"924","rmse",54,"II","fit_NT_stats",0.00454751229199902
"925","R2",55,"II","fit_all_stats",0.998278638227683
"926","R2",55,"II","fitsumStats",0.98683563659864
"927","R2",55,"II","fit_NT_stats",0.999532329568489
"928","rmse",55,"II","fit_all_stats",0.196861560495831
"929","rmse",55,"II","fitsumStats",0.0666554705454804
"930","rmse",55,"II","fit_NT_stats",0.0125633605517778
"931","R2",56,"II","fit_all_stats",0.99907119083064
"932","R2",56,"II","fitsumStats",0.998063288962599
"933","R2",56,"II","fit_NT_stats",0.999204615004884
"934","rmse",56,"II","fit_all_stats",0.108779022745302
"935","rmse",56,"II","fitsumStats",0.0221320673949731
"936","rmse",56,"II","fit_NT_stats",0.0141833319423733
"937","R2",57,"II","fit_all_stats",0.991781760388946
"938","R2",57,"II","fitsumStats",0.988001886850211
"939","R2",57,"II","fit_NT_stats",0.998690764859863
"940","rmse",57,"II","fit_all_stats",0.626991669910803
"941","rmse",57,"II","fitsumStats",0.0671686606740186
"942","rmse",57,"II","fit_NT_stats",0.0221880450348003
"943","R2",58,"II","fit_all_stats",0.998749495054694
"944","R2",58,"II","fitsumStats",0.967288007392968
"945","R2",58,"II","fit_NT_stats",0.999483865610057
"946","rmse",58,"II","fit_all_stats",0.204992232491301
"947","rmse",58,"II","fitsumStats",0.108210369497088
"948","rmse",58,"II","fit_NT_stats",0.0135924197874513
"949","R2",59,"II","fit_all_stats",0.999643108030898
"950","R2",59,"II","fitsumStats",0.996280633156928
"951","R2",59,"II","fit_NT_stats",0.999640826640736
"952","rmse",59,"II","fit_all_stats",0.0563165022580937
"953","rmse",59,"II","fitsumStats",0.0275836700196672
"954","rmse",59,"II","fit_NT_stats",0.0085717520397233
"955","R2",60,"II","fit_all_stats",0.992969549778818
"956","R2",60,"II","fitsumStats",0.936631079356994
"957","R2",60,"II","fit_NT_stats",0.986830358006459
"958","rmse",60,"II","fit_all_stats",0.411673806263842
"959","rmse",60,"II","fitsumStats",0.133916794290284
"960","rmse",60,"II","fit_NT_stats",0.0610497478069769
"961","R2",61,"II","fit_all_stats",0.997610924717776
"962","R2",61,"II","fitsumStats",0.990168102147054
"963","R2",61,"II","fit_NT_stats",0.999159099706628
"964","rmse",61,"II","fit_all_stats",0.246239249483367
"965","rmse",61,"II","fitsumStats",0.0555403432633749
"966","rmse",61,"II","fit_NT_stats",0.0162428462197787
"967","R2",62,"II","fit_all_stats",0.997443281681945
"968","R2",62,"II","fitsumStats",0.967735969757313
"969","R2",62,"II","fit_NT_stats",0.999096762515514
"970","rmse",62,"II","fit_all_stats",0.325706192459559
"971","rmse",62,"II","fitsumStats",0.10645920697185
"972","rmse",62,"II","fit_NT_stats",0.0178125007229209
"973","R2",63,"II","fit_all_stats",0.999226423895269
"974","R2",63,"II","fitsumStats",0.99679704644801
"975","R2",63,"II","fit_NT_stats",0.99947795317214
"976","rmse",63,"II","fit_all_stats",0.102780368587478
"977","rmse",63,"II","fitsumStats",0.0288296786526387
"978","rmse",63,"II","fit_NT_stats",0.0116390949687871
"979","R2",64,"II","fit_all_stats",0.997117923269241
"980","R2",64,"II","fitsumStats",0.962738647401499
"981","R2",64,"II","fit_NT_stats",0.989359896893809
"982","rmse",64,"II","fit_all_stats",0.228739577008761
"983","rmse",64,"II","fitsumStats",0.0956794418523532
"984","rmse",64,"II","fit_NT_stats",0.0511284048553084
"985","R2",65,"II","fit_all_stats",0.998107166621677
"986","R2",65,"II","fitsumStats",0.989359230723366
"987","R2",65,"II","fit_NT_stats",0.999024718706512
"988","rmse",65,"II","fit_all_stats",0.267388097238547
"989","rmse",65,"II","fitsumStats",0.0600475272615027
"990","rmse",65,"II","fit_NT_stats",0.0181791495293435
"991","R2",66,"II","fit_all_stats",0.999059335181404
"992","R2",66,"II","fitsumStats",0.98295359617327
"993","R2",66,"II","fit_NT_stats",0.999693692385813
"994","rmse",66,"II","fit_all_stats",0.140155554491904
"995","rmse",66,"II","fitsumStats",0.0734836369095132
"996","rmse",66,"II","fit_NT_stats",0.00985038380902636
"997","R2",67,"II","fit_all_stats",0.996811143147442
"998","R2",67,"II","fitsumStats",0.946679858242776
"999","R2",67,"II","fit_NT_stats",0.99802089157387
"1000","rmse",67,"II","fit_all_stats",0.344286162635863
"1001","rmse",67,"II","fitsumStats",0.140093477369504
"1002","rmse",67,"II","fit_NT_stats",0.026990259592084
"1003","R2",68,"II","fit_all_stats",0.993187129902181
"1004","R2",68,"II","fitsumStats",0.986447505431808
"1005","R2",68,"II","fit_NT_stats",0.993217991281673
"1006","rmse",68,"II","fit_all_stats",0.525873784642306
"1007","rmse",68,"II","fitsumStats",0.0728931366791602
"1008","rmse",68,"II","fit_NT_stats",0.0515651386420222
"1009","R2",69,"II","fit_all_stats",0.996882332692582
"1010","R2",69,"II","fitsumStats",0.965214242291244
"1011","R2",69,"II","fit_NT_stats",0.986298650549079
"1012","rmse",69,"II","fit_all_stats",0.181942486012126
"1013","rmse",69,"II","fitsumStats",0.0718778054158418
"1014","rmse",69,"II","fit_NT_stats",0.0451103032281627
"1015","R2",70,"II","fit_all_stats",0.998992542844804
"1016","R2",70,"II","fitsumStats",0.996525077055105
"1017","R2",70,"II","fit_NT_stats",0.999215768615392
"1018","rmse",70,"II","fit_all_stats",0.125522421000531
"1019","rmse",70,"II","fitsumStats",0.0324327109209923
"1020","rmse",70,"II","fit_NT_stats",0.0154075210971681
"1021","R2",71,"II","fit_all_stats",0.999509378276449
"1022","R2",71,"II","fitsumStats",0.997612134275716
"1023","R2",71,"II","fit_NT_stats",0.999537687037487
"1024","rmse",71,"II","fit_all_stats",0.073315918948301
"1025","rmse",71,"II","fitsumStats",0.0238077813042594
"1026","rmse",71,"II","fit_NT_stats",0.010475674822252
"1027","R2",72,"II","fit_all_stats",0.999147397922755
"1028","R2",72,"II","fitsumStats",0.984178277224207
"1029","R2",72,"II","fit_NT_stats",0.999514480201796
"1030","rmse",72,"II","fit_all_stats",0.137436916991456
"1031","rmse",72,"II","fitsumStats",0.0724092372850879
"1032","rmse",72,"II","fit_NT_stats",0.0126844184183576
"1033","R2",73,"II","fit_all_stats",0.992331166370606
"1034","R2",73,"II","fitsumStats",0.933058192837973
"1035","R2",73,"II","fit_NT_stats",0.979068429859663
"1036","rmse",73,"II","fit_all_stats",0.314124332342162
"1037","rmse",73,"II","fitsumStats",0.143290234613449
"1038","rmse",73,"II","fit_NT_stats",0.0801251362835256
"1039","R2",74,"II","fit_all_stats",0.999976282654395
"1040","R2",74,"II","fitsumStats",0.993598203839858
"1041","R2",74,"II","fit_NT_stats",0.996822343799628
"1042","rmse",74,"II","fit_all_stats",0.0158195154779771
"1043","rmse",74,"II","fitsumStats",0.00838402197817563
"1044","rmse",74,"II","fit_NT_stats",0.00590683638281464
"1045","R2",75,"II","fit_all_stats",0.982048027151893
"1046","R2",75,"II","fitsumStats",0.964733288477734
"1047","R2",75,"II","fit_NT_stats",0.970220490311372
"1048","rmse",75,"II","fit_all_stats",0.670478138628146
"1049","rmse",75,"II","fitsumStats",0.101642533140796
"1050","rmse",75,"II","fit_NT_stats",0.0934010522120697
"1051","R2",76,"II","fit_all_stats",0.99957585825062
"1052","R2",76,"II","fitsumStats",0.991283226470271
"1053","R2",76,"II","fit_NT_stats",0.999858293328293
"1054","rmse",76,"II","fit_all_stats",0.0673455997655505
"1055","rmse",76,"II","fitsumStats",0.043512575915682
"1056","rmse",76,"II","fit_NT_stats",0.00554794390799757
"1057","R2",77,"II","fit_all_stats",0.9990464826667
"1058","R2",77,"II","fitsumStats",0.995348841941081
"1059","R2",77,"II","fit_NT_stats",0.999209564650904
"1060","rmse",77,"II","fit_all_stats",0.117726100060136
"1061","rmse",77,"II","fitsumStats",0.0369402907866048
"1062","rmse",77,"II","fit_NT_stats",0.0152283530815728
"1063","R2",78,"II","fit_all_stats",0.998152686256128
"1064","R2",78,"II","fitsumStats",0.981986653776756
"1065","R2",78,"II","fit_NT_stats",0.999592500354501
"1066","rmse",78,"II","fit_all_stats",0.274200961920121
"1067","rmse",78,"II","fitsumStats",0.0831364625928288
"1068","rmse",78,"II","fit_NT_stats",0.0125042590115679
"1069","R2",79,"II","fit_all_stats",0.999605040790408
"1070","R2",79,"II","fitsumStats",0.994699552648217
"1071","R2",79,"II","fit_NT_stats",0.999330118105873
"1072","rmse",79,"II","fit_all_stats",0.0655548238610587
"1073","rmse",79,"II","fitsumStats",0.0363188620014629
"1074","rmse",79,"II","fit_NT_stats",0.0129114521280924
"1075","R2",80,"II","fit_all_stats",0.998842653704535
"1076","R2",80,"II","fitsumStats",0.975322077878099
"1077","R2",80,"II","fit_NT_stats",0.998382047436233
"1078","rmse",80,"II","fit_all_stats",0.174314457935496
"1079","rmse",80,"II","fitsumStats",0.0947343252394757
"1080","rmse",80,"II","fit_NT_stats",0.0242569371930737
"1081","R2",81,"II","fit_all_stats",0.998979193179791
"1082","R2",81,"II","fitsumStats",0.992892190273022
"1083","R2",81,"II","fit_NT_stats",0.999606580236614
"1084","rmse",81,"II","fit_all_stats",0.114234585138811
"1085","rmse",81,"II","fitsumStats",0.0410552580508144
"1086","rmse",81,"II","fit_NT_stats",0.00965892904951036
"1087","R2",82,"II","fit_all_stats",0.993074064633737
"1088","R2",82,"II","fitsumStats",0.992005021467556
"1089","R2",82,"II","fit_NT_stats",0.997843999647335
"1090","rmse",82,"II","fit_all_stats",0.402390050978522
"1091","rmse",82,"II","fitsumStats",0.0563204980763426
"1092","rmse",82,"II","fit_NT_stats",0.0292470622643237
"1093","R2",83,"II","fit_all_stats",0.997886333092987
"1094","R2",83,"II","fitsumStats",0.986730385029043
"1095","R2",83,"II","fit_NT_stats",0.999101086962002
"1096","rmse",83,"II","fit_all_stats",0.2510170175503
"1097","rmse",83,"II","fitsumStats",0.0715659797695603
"1098","rmse",83,"II","fit_NT_stats",0.0186267163147488
"1099","R2",84,"II","fit_all_stats",0.994319432570323
"1100","R2",84,"II","fitsumStats",0.980708239162825
"1101","R2",84,"II","fit_NT_stats",0.998995406132403
"1102","rmse",84,"II","fit_all_stats",0.387787713590245
"1103","rmse",84,"II","fitsumStats",0.0865826862435675
"1104","rmse",84,"II","fit_NT_stats",0.0197578817780241
"1105","R2",85,"II","fit_all_stats",0.999495871960348
"1106","R2",85,"II","fitsumStats",0.994962049386667
"1107","R2",85,"II","fit_NT_stats",0.999643771957385
"1108","rmse",85,"II","fit_all_stats",0.0831955857908208
"1109","rmse",85,"II","fitsumStats",0.0396208825928307
"1110","rmse",85,"II","fit_NT_stats",0.0105356478239801
"1111","R2",86,"II","fit_all_stats",0.972620547756329
"1112","R2",86,"II","fitsumStats",0.969058364289102
"1113","R2",86,"II","fit_NT_stats",0.995772386018414
"1114","rmse",86,"II","fit_all_stats",1.07665429899093
"1115","rmse",86,"II","fitsumStats",0.110190282327331
"1116","rmse",86,"II","fit_NT_stats",0.0407304608721259
"1117","R2",87,"II","fit_all_stats",0.997549311256272
"1118","R2",87,"II","fitsumStats",0.962337762604556
"1119","R2",87,"II","fit_NT_stats",0.998530062527118
"1120","rmse",87,"II","fit_all_stats",0.336868670229066
"1121","rmse",87,"II","fitsumStats",0.115059258197629
"1122","rmse",87,"II","fit_NT_stats",0.0227309686083236
"1123","R2",88,"II","fit_all_stats",0.999335397423706
"1124","R2",88,"II","fitsumStats",0.993136379457505
"1125","R2",88,"II","fit_NT_stats",0.999756823351263
"1126","rmse",88,"II","fit_all_stats",0.0909576645605776
"1127","rmse",88,"II","fitsumStats",0.043562751049092
"1128","rmse",88,"II","fit_NT_stats",0.00819973090419781
"1129","R2",89,"II","fit_all_stats",0.99941971055813
"1130","R2",89,"II","fitsumStats",0.997735809263491
"1131","R2",89,"II","fit_NT_stats",0.99963085565542
"1132","rmse",89,"II","fit_all_stats",0.0912167806723809
"1133","rmse",89,"II","fitsumStats",0.0256632354866116
"1134","rmse",89,"II","fit_NT_stats",0.0103622249042535
"1135","R2",90,"II","fit_all_stats",0.983203294688887
"1136","R2",90,"II","fitsumStats",0.789063705757927
"1137","R2",90,"II","fit_NT_stats",0.989440993856743
"1138","rmse",90,"II","fit_all_stats",0.52354007440665
"1139","rmse",90,"II","fitsumStats",0.312713806119557
"1140","rmse",90,"II","fit_NT_stats",0.0699653354611781
"1141","R2",91,"II","fit_all_stats",0.991879301632402
"1142","R2",91,"II","fitsumStats",0.981260208754954
"1143","R2",91,"II","fit_NT_stats",0.998608919140431
"1144","rmse",91,"II","fit_all_stats",1.18100409983595
"1145","rmse",91,"II","fitsumStats",0.115270675871132
"1146","rmse",91,"II","fit_NT_stats",0.0314060019092934
"1147","R2",92,"II","fit_all_stats",0.999176698844469
"1148","R2",92,"II","fitsumStats",0.997643222490717
"1149","R2",92,"II","fit_NT_stats",0.999730094264119
"1150","rmse",92,"II","fit_all_stats",0.103387938682692
"1151","rmse",92,"II","fitsumStats",0.0253486169941
"1152","rmse",92,"II","fit_NT_stats",0.00857829612167049
"1153","R2",93,"II","fit_all_stats",0.99994096112701
"1154","R2",93,"II","fitsumStats",0.999201178630752
"1155","R2",93,"II","fit_NT_stats",0.998838359527987
"1156","rmse",93,"II","fit_all_stats",0.0231993856006991
"1157","rmse",93,"II","fitsumStats",0.00655766048879383
"1158","rmse",93,"II","fit_NT_stats",0.00790787795941656
"1159","R2",94,"II","fit_all_stats",0.998471787132307
"1160","R2",94,"II","fitsumStats",0.988508620807107
"1161","R2",94,"II","fit_NT_stats",0.999542448392657
"1162","rmse",94,"II","fit_all_stats",0.194978012978428
"1163","rmse",94,"II","fitsumStats",0.0615557722663942
"1164","rmse",94,"II","fit_NT_stats",0.0122829518402761
"1165","R2",95,"II","fit_all_stats",0.998600695705314
"1166","R2",95,"II","fitsumStats",0.994429698153028
"1167","R2",95,"II","fit_NT_stats",0.999569959479238
"1168","rmse",95,"II","fit_all_stats",0.165539862144972
"1169","rmse",95,"II","fitsumStats",0.0421269386982283
"1170","rmse",95,"II","fit_NT_stats",0.011705102617765
"1171","R2",96,"II","fit_all_stats",0.996661886205828
"1172","R2",96,"II","fitsumStats",0.984475570701459
"1173","R2",96,"II","fit_NT_stats",0.978285322068773
"1174","rmse",96,"II","fit_all_stats",0.201438396941047
"1175","rmse",96,"II","fitsumStats",0.0545290505888899
"1176","rmse",96,"II","fit_NT_stats",0.0644906583555249
"1177","R2",97,"II","fit_all_stats",0.99834706951047
"1178","R2",97,"II","fitsumStats",0.941996932130122
"1179","R2",97,"II","fit_NT_stats",0.999318345095868
"1180","rmse",97,"II","fit_all_stats",0.217627361401878
"1181","rmse",97,"II","fitsumStats",0.146447081903714
"1182","rmse",97,"II","fit_NT_stats",0.0158758695544689
"1183","R2",98,"II","fit_all_stats",0.995871701564456
"1184","R2",98,"II","fitsumStats",0.911479799130252
"1185","R2",98,"II","fit_NT_stats",0.9980878586656
"1186","rmse",98,"II","fit_all_stats",0.790255128085629
"1187","rmse",98,"II","fitsumStats",0.227549054216001
"1188","rmse",98,"II","fit_NT_stats",0.0334436626647029
"1189","R2",99,"II","fit_all_stats",0.999986070633865
"1190","R2",99,"II","fitsumStats",0.99572302714098
"1191","R2",99,"II","fit_NT_stats",0.998904630506152
"1192","rmse",99,"II","fit_all_stats",0.012413714730753
"1193","rmse",99,"II","fitsumStats",0.00687149056293525
"1194","rmse",99,"II","fit_NT_stats",0.00347746708543367
"1195","R2",100,"II","fit_all_stats",0.998519751429456
"1196","R2",100,"II","fitsumStats",0.972808262026452
"1197","R2",100,"II","fit_NT_stats",0.999332035833129
"1198","rmse",100,"II","fit_all_stats",0.20330639778263
"1199","rmse",100,"II","fitsumStats",0.0987488880423245
"1200","rmse",100,"II","fit_NT_stats",0.0154771258241287
"1201","R2",1,"III","fit_all_stats",0.999956583297598
"1202","R2",1,"III","fitsumStats",0.99891118236955
"1203","R2",1,"III","fit_NT_stats",0.999715093117594
"1204","rmse",1,"III","fit_all_stats",0.0283594712397776
"1205","rmse",1,"III","fitsumStats",0.0172446701244006
"1206","rmse",1,"III","fit_NT_stats",0.00882122275531679
"1207","R2",2,"III","fit_all_stats",0.997809680186237
"1208","R2",2,"III","fitsumStats",0.977198933473295
"1209","R2",2,"III","fit_NT_stats",0.981444994583602
"1210","rmse",2,"III","fit_all_stats",0.282842652700199
"1211","rmse",2,"III","fitsumStats",0.149763378200395
"1212","rmse",2,"III","fit_NT_stats",0.135101008116086
"1213","R2",3,"III","fit_all_stats",0.999436369462036
"1214","R2",3,"III","fitsumStats",0.985237125458529
"1215","R2",3,"III","fit_NT_stats",0.999593215044489
"1216","rmse",3,"III","fit_all_stats",0.139990981688997
"1217","rmse",3,"III","fitsumStats",0.119945284137829
"1218","rmse",3,"III","fit_NT_stats",0.0199104077615018
"1219","R2",4,"III","fit_all_stats",0.999925078475672
"1220","R2",4,"III","fitsumStats",0.999520883260449
"1221","R2",4,"III","fit_NT_stats",0.999363598703371
"1222","rmse",4,"III","fit_all_stats",0.0351744756357386
"1223","rmse",4,"III","fitsumStats",0.0127227614068813
"1224","rmse",4,"III","fit_NT_stats",0.0146631149234203
"1225","R2",5,"III","fit_all_stats",0.999911332236503
"1226","R2",5,"III","fitsumStats",0.999454012615596
"1227","R2",5,"III","fit_NT_stats",0.999676248729597
"1228","rmse",5,"III","fit_all_stats",0.0568746108817092
"1229","rmse",5,"III","fitsumStats",0.0240745400205723
"1230","rmse",5,"III","fit_NT_stats",0.0185384079417964
"1231","R2",6,"III","fit_all_stats",0.999466640019129
"1232","R2",6,"III","fitsumStats",0.997604625350124
"1233","R2",6,"III","fit_NT_stats",0.999868600585715
"1234","rmse",6,"III","fit_all_stats",0.0830163082607401
"1235","rmse",6,"III","fitsumStats",0.0294899454137646
"1236","rmse",6,"III","fit_NT_stats",0.00690691257293329
"1237","R2",7,"III","fit_all_stats",0.998972151125297
"1238","R2",7,"III","fitsumStats",0.995884016819082
"1239","R2",7,"III","fit_NT_stats",0.999279865893554
"1240","rmse",7,"III","fit_all_stats",0.177374918136181
"1241","rmse",7,"III","fitsumStats",0.0591334673463891
"1242","rmse",7,"III","fit_NT_stats",0.0247345059055507
"1243","R2",8,"III","fit_all_stats",0.999954558655702
"1244","R2",8,"III","fitsumStats",0.999438915674967
"1245","R2",8,"III","fit_NT_stats",0.999880873536658
"1246","rmse",8,"III","fit_all_stats",0.0316743040734928
"1247","rmse",8,"III","fitsumStats",0.0169856615307163
"1248","rmse",8,"III","fit_NT_stats",0.00782658888861161
"1249","R2",9,"III","fit_all_stats",0.999451776831511
"1250","R2",9,"III","fitsumStats",0.998887960995269
"1251","R2",9,"III","fit_NT_stats",0.999714930489966
"1252","rmse",9,"III","fit_all_stats",0.108867164839804
"1253","rmse",9,"III","fitsumStats",0.0231714891087776
"1254","rmse",9,"III","fit_NT_stats",0.0117319261073046
"1255","R2",10,"III","fit_all_stats",0.999954911756291
"1256","R2",10,"III","fitsumStats",0.999066015733513
"1257","R2",10,"III","fit_NT_stats",0.998013393787532
"1258","rmse",10,"III","fit_all_stats",0.0308592728016744
"1259","rmse",10,"III","fitsumStats",0.017106015392597
"1260","rmse",10,"III","fit_NT_stats",0.0249479562018272
"1261","R2",11,"III","fit_all_stats",0.999517370125233
"1262","R2",11,"III","fitsumStats",0.996275273403255
"1263","R2",11,"III","fit_NT_stats",0.998922976435759
"1264","rmse",11,"III","fit_all_stats",0.136005165003818
"1265","rmse",11,"III","fitsumStats",0.0655379172236464
"1266","rmse",11,"III","fit_NT_stats",0.0352417964249971
"1267","R2",12,"III","fit_all_stats",0.999369727181627
"1268","R2",12,"III","fitsumStats",0.998595560145469
"1269","R2",12,"III","fit_NT_stats",0.998268429204845
"1270","rmse",12,"III","fit_all_stats",0.140781557590005
"1271","rmse",12,"III","fitsumStats",0.0263467978194444
"1272","rmse",12,"III","fit_NT_stats",0.0292547500807725
"1273","R2",13,"III","fit_all_stats",0.999829797943024
"1274","R2",13,"III","fitsumStats",0.995619539627587
"1275","R2",13,"III","fit_NT_stats",0.998425061338599
"1276","rmse",13,"III","fit_all_stats",0.0686387316582291
"1277","rmse",13,"III","fitsumStats",0.0561307024342332
"1278","rmse",13,"III","fit_NT_stats",0.0336567689417679
"1279","R2",14,"III","fit_all_stats",0.999879418643232
"1280","R2",14,"III","fitsumStats",0.996828829988093
"1281","R2",14,"III","fit_NT_stats",0.999616968301602
"1282","rmse",14,"III","fit_all_stats",0.0509509812039865
"1283","rmse",14,"III","fitsumStats",0.0370067578357658
"1284","rmse",14,"III","fit_NT_stats",0.0128614114896332
"1285","R2",15,"III","fit_all_stats",0.999944392505636
"1286","R2",15,"III","fitsumStats",0.995913188278417
"1287","R2",15,"III","fit_NT_stats",0.998732765197553
"1288","rmse",15,"III","fit_all_stats",0.0395398467510004
"1289","rmse",15,"III","fitsumStats",0.0228399378071924
"1290","rmse",15,"III","fit_NT_stats",0.0127183609914866
"1291","R2",16,"III","fit_all_stats",0.999993911550465
"1292","R2",16,"III","fitsumStats",0.999825643518679
"1293","R2",16,"III","fit_NT_stats",0.999774993375638
"1294","rmse",16,"III","fit_all_stats",0.0101052550250513
"1295","rmse",16,"III","fitsumStats",0.00418838000347151
"1296","rmse",16,"III","fit_NT_stats",0.00475800267234664
"1297","R2",17,"III","fit_all_stats",0.999043047576147
"1298","R2",17,"III","fitsumStats",0.997593914320871
"1299","R2",17,"III","fit_NT_stats",0.999838128720484
"1300","rmse",17,"III","fit_all_stats",0.115350026509521
"1301","rmse",17,"III","fitsumStats",0.0241401571410291
"1302","rmse",17,"III","fit_NT_stats",0.00626137115965846
"1303","R2",18,"III","fit_all_stats",0.999920784658903
"1304","R2",18,"III","fitsumStats",0.998828779263804
"1305","R2",18,"III","fit_NT_stats",0.999836376930517
"1306","rmse",18,"III","fit_all_stats",0.0534855628414063
"1307","rmse",18,"III","fitsumStats",0.0351924337093178
"1308","rmse",18,"III","fit_NT_stats",0.0131538290251813
"1309","R2",19,"III","fit_all_stats",0.999644156305219
"1310","R2",19,"III","fitsumStats",0.996999093811577
"1311","R2",19,"III","fit_NT_stats",0.990653592548316
"1312","rmse",19,"III","fit_all_stats",0.101548789601583
"1313","rmse",19,"III","fitsumStats",0.0507875415672157
"1314","rmse",19,"III","fit_NT_stats",0.0896299875696992
"1315","R2",20,"III","fit_all_stats",0.999649775942957
"1316","R2",20,"III","fitsumStats",0.997149265329214
"1317","R2",20,"III","fit_NT_stats",0.999742849589164
"1318","rmse",20,"III","fit_all_stats",0.12028227152813
"1319","rmse",20,"III","fitsumStats",0.0457174561208486
"1320","rmse",20,"III","fit_NT_stats",0.0137308451418274
"1321","R2",21,"III","fit_all_stats",0.999734030763719
"1322","R2",21,"III","fitsumStats",0.999763816686624
"1323","R2",21,"III","fit_NT_stats",0.999771885469271
"1324","rmse",21,"III","fit_all_stats",0.0422070765064913
"1325","rmse",21,"III","fitsumStats",0.00595440389407095
"1326","rmse",21,"III","fit_NT_stats",0.00585180923160145
"1327","R2",22,"III","fit_all_stats",0.999389990398365
"1328","R2",22,"III","fitsumStats",0.999428421094925
"1329","R2",22,"III","fit_NT_stats",0.999629186169433
"1330","rmse",22,"III","fit_all_stats",0.0702096204322311
"1331","rmse",22,"III","fitsumStats",0.0102694810054789
"1332","rmse",22,"III","fit_NT_stats",0.00827157785633823
"1333","R2",23,"III","fit_all_stats",0.999388987888398
"1334","R2",23,"III","fitsumStats",0.998395783547773
"1335","R2",23,"III","fit_NT_stats",0.999146451614578
"1336","rmse",23,"III","fit_all_stats",0.11526398046152
"1337","rmse",23,"III","fitsumStats",0.026678366634476
"1338","rmse",23,"III","fit_NT_stats",0.0194599547580644
"1339","R2",24,"III","fit_all_stats",0.998873239714291
"1340","R2",24,"III","fitsumStats",0.995264311736094
"1341","R2",24,"III","fit_NT_stats",0.99655370416162
"1342","rmse",24,"III","fit_all_stats",0.309224364778006
"1343","rmse",24,"III","fitsumStats",0.0640188791108953
"1344","rmse",24,"III","fit_NT_stats",0.0546125921540752
"1345","R2",25,"III","fit_all_stats",0.998609280558709
"1346","R2",25,"III","fitsumStats",0.996363847680002
"1347","R2",25,"III","fit_NT_stats",0.999762830555757
"1348","rmse",25,"III","fit_all_stats",0.316346776859288
"1349","rmse",25,"III","fitsumStats",0.0529572610252349
"1350","rmse",25,"III","fit_NT_stats",0.0135248933503436
"1351","R2",26,"III","fit_all_stats",0.999229240785849
"1352","R2",26,"III","fitsumStats",0.997826989810874
"1353","R2",26,"III","fit_NT_stats",0.999827646960681
"1354","rmse",26,"III","fit_all_stats",0.100481428483736
"1355","rmse",26,"III","fitsumStats",0.0260948401440938
"1356","rmse",26,"III","fit_NT_stats",0.00734908435740664
"1357","R2",27,"III","fit_all_stats",0.999226647580493
"1358","R2",27,"III","fitsumStats",0.99496910408066
"1359","R2",27,"III","fit_NT_stats",0.997601675443454
"1360","rmse",27,"III","fit_all_stats",0.148133765504907
"1361","rmse",27,"III","fitsumStats",0.0554754208464671
"1362","rmse",27,"III","fit_NT_stats",0.0383029229067085
"1363","R2",28,"III","fit_all_stats",0.99996496060344
"1364","R2",28,"III","fitsumStats",0.998168501847179
"1365","R2",28,"III","fit_NT_stats",0.998453368892171
"1366","rmse",28,"III","fit_all_stats",0.0303698708380766
"1367","rmse",28,"III","fitsumStats",0.0249799238381755
"1368","rmse",28,"III","fit_NT_stats",0.0229552082964656
"1369","R2",29,"III","fit_all_stats",0.999446997897617
"1370","R2",29,"III","fitsumStats",0.997896092223876
"1371","R2",29,"III","fit_NT_stats",0.998864781269557
"1372","rmse",29,"III","fit_all_stats",0.151586819343126
"1373","rmse",29,"III","fitsumStats",0.0442235152088147
"1374","rmse",29,"III","fit_NT_stats",0.0324847616957291
"1375","R2",30,"III","fit_all_stats",0.999611633240376
"1376","R2",30,"III","fitsumStats",0.995857797959119
"1377","R2",30,"III","fit_NT_stats",0.998241997740482
"1378","rmse",30,"III","fit_all_stats",0.0868257310858005
"1379","rmse",30,"III","fitsumStats",0.0457575171770981
"1380","rmse",30,"III","fit_NT_stats",0.0298096259614788
"1381","R2",31,"III","fit_all_stats",0.999939850469713
"1382","R2",31,"III","fitsumStats",0.997869117353082
"1383","R2",31,"III","fit_NT_stats",0.996823041885702
"1384","rmse",31,"III","fit_all_stats",0.0398180652455602
"1385","rmse",31,"III","fitsumStats",0.032039848811157
"1386","rmse",31,"III","fit_NT_stats",0.0391215845013574
"1387","R2",32,"III","fit_all_stats",0.993776039553771
"1388","R2",32,"III","fitsumStats",0.944789464034993
"1389","R2",32,"III","fit_NT_stats",0.988803940796738
"1390","rmse",32,"III","fit_all_stats",0.629620299608435
"1391","rmse",32,"III","fitsumStats",0.270926343497397
"1392","rmse",32,"III","fit_NT_stats",0.122003656609144
"1393","R2",33,"III","fit_all_stats",0.999921449360791
"1394","R2",33,"III","fitsumStats",0.998825249609031
"1395","R2",33,"III","fit_NT_stats",0.996359207948334
"1396","rmse",33,"III","fit_all_stats",0.0450950410753839
"1397","rmse",33,"III","fitsumStats",0.0232203968085218
"1398","rmse",33,"III","fit_NT_stats",0.0408784834087907
"1399","R2",34,"III","fit_all_stats",0.99979604425408
"1400","R2",34,"III","fitsumStats",0.997221519325826
"1401","R2",34,"III","fit_NT_stats",0.999403211038471
"1402","rmse",34,"III","fit_all_stats",0.0812809262646413
"1403","rmse",34,"III","fitsumStats",0.0418603972581603
"1404","rmse",34,"III","fit_NT_stats",0.0194003714897378
"1405","R2",35,"III","fit_all_stats",0.999992436242868
"1406","R2",35,"III","fitsumStats",0.999743382044918
"1407","R2",35,"III","fit_NT_stats",0.999666416012413
"1408","rmse",35,"III","fit_all_stats",0.011312128529443
"1409","rmse",35,"III","fitsumStats",0.0057907060552856
"1410","rmse",35,"III","fit_NT_stats",0.00660222921549996
"1411","R2",36,"III","fit_all_stats",0.999964447360465
"1412","R2",36,"III","fitsumStats",0.998598121002926
"1413","R2",36,"III","fit_NT_stats",0.99919985304994
"1414","rmse",36,"III","fit_all_stats",0.029418941181641
"1415","rmse",36,"III","fitsumStats",0.0209871890418898
"1416","rmse",36,"III","fit_NT_stats",0.0158556440255853
"1417","R2",37,"III","fit_all_stats",0.999914407196994
"1418","R2",37,"III","fitsumStats",0.999177253638578
"1419","R2",37,"III","fit_NT_stats",0.999140715452511
"1420","rmse",37,"III","fit_all_stats",0.038143950449861
"1421","rmse",37,"III","fitsumStats",0.0189192878971159
"1422","rmse",37,"III","fit_NT_stats",0.0193348275006284
"1423","R2",38,"III","fit_all_stats",0.999438727995011
"1424","R2",38,"III","fitsumStats",0.994584211071946
"1425","R2",38,"III","fit_NT_stats",0.999738499507014
"1426","rmse",38,"III","fit_all_stats",0.159075708310098
"1427","rmse",38,"III","fitsumStats",0.0536384347776242
"1428","rmse",38,"III","fit_NT_stats",0.0117864084491067
"1429","R2",39,"III","fit_all_stats",0.999975368893878
"1430","R2",39,"III","fitsumStats",0.999746268583552
"1431","R2",39,"III","fit_NT_stats",0.999313279743752
"1432","rmse",39,"III","fit_all_stats",0.0231285148855022
"1433","rmse",39,"III","fitsumStats",0.00893917549389853
"1434","rmse",39,"III","fit_NT_stats",0.0147061933130916
"1435","R2",40,"III","fit_all_stats",0.999940000578293
"1436","R2",40,"III","fitsumStats",0.999497015409323
"1437","R2",40,"III","fit_NT_stats",0.9995891798688
"1438","rmse",40,"III","fit_all_stats",0.0419661860978629
"1439","rmse",40,"III","fitsumStats",0.0178579989313502
"1440","rmse",40,"III","fit_NT_stats",0.0161391742644347
"1441","R2",41,"III","fit_all_stats",0.991053689046854
"1442","R2",41,"III","fitsumStats",0.970651585166098
"1443","R2",41,"III","fit_NT_stats",0.997828816323392
"1444","rmse",41,"III","fit_all_stats",0.818452758187555
"1445","rmse",41,"III","fitsumStats",0.211299619084279
"1446","rmse",41,"III","fit_NT_stats",0.0574717831760835
"1447","R2",42,"III","fit_all_stats",0.998691457969145
"1448","R2",42,"III","fitsumStats",0.995981178966891
"1449","R2",42,"III","fit_NT_stats",0.999223554273108
"1450","rmse",42,"III","fit_all_stats",0.212070402103551
"1451","rmse",42,"III","fitsumStats",0.0478655368287632
"1452","rmse",42,"III","fit_NT_stats",0.02103919664754
"1453","R2",43,"III","fit_all_stats",0.999481824960894
"1454","R2",43,"III","fitsumStats",0.998197307798595
"1455","R2",43,"III","fit_NT_stats",0.999636015198923
"1456","rmse",43,"III","fit_all_stats",0.0728106572151709
"1457","rmse",43,"III","fitsumStats",0.0215646973069665
"1458","rmse",43,"III","fit_NT_stats",0.00969000946289232
"1459","R2",44,"III","fit_all_stats",0.999190357282359
"1460","R2",44,"III","fitsumStats",0.995441714421076
"1461","R2",44,"III","fit_NT_stats",0.999868526977933
"1462","rmse",44,"III","fit_all_stats",0.095941092897419
"1463","rmse",44,"III","fitsumStats",0.0312134757599522
"1464","rmse",44,"III","fit_NT_stats",0.00530102301380012
"1465","R2",45,"III","fit_all_stats",0.998779613747784
"1466","R2",45,"III","fitsumStats",0.9980356051471
"1467","R2",45,"III","fit_NT_stats",0.999531914203176
"1468","rmse",45,"III","fit_all_stats",0.154274551892166
"1469","rmse",45,"III","fitsumStats",0.0263343134166501
"1470","rmse",45,"III","fit_NT_stats",0.012854948407681
"1471","R2",46,"III","fit_all_stats",0.998407344817825
"1472","R2",46,"III","fitsumStats",0.993506205848549
"1473","R2",46,"III","fit_NT_stats",0.999437617597936
"1474","rmse",46,"III","fit_all_stats",0.293060739124222
"1475","rmse",46,"III","fitsumStats",0.062766861680426
"1476","rmse",46,"III","fit_NT_stats",0.0184712810757552
"1477","R2",47,"III","fit_all_stats",0.99986908047233
"1478","R2",47,"III","fitsumStats",0.998046363071033
"1479","R2",47,"III","fit_NT_stats",0.998535118705637
"1480","rmse",47,"III","fit_all_stats",0.0689898896324911
"1481","rmse",47,"III","fitsumStats",0.043218552200495
"1482","rmse",47,"III","fit_NT_stats",0.0374239395384217
"1483","R2",48,"III","fit_all_stats",0.999946280837318
"1484","R2",48,"III","fitsumStats",0.998987063607856
"1485","R2",48,"III","fit_NT_stats",0.999940110015796
"1486","rmse",48,"III","fit_all_stats",0.0379612564382066
"1487","rmse",48,"III","fitsumStats",0.0272413201283201
"1488","rmse",48,"III","fit_NT_stats",0.00662390601800537
"1489","R2",49,"III","fit_all_stats",0.999756706647599
"1490","R2",49,"III","fitsumStats",0.998535759071556
"1491","R2",49,"III","fit_NT_stats",0.999800320144295
"1492","rmse",49,"III","fit_all_stats",0.0797144053207983
"1493","rmse",49,"III","fitsumStats",0.0302996732081942
"1494","rmse",49,"III","fit_NT_stats",0.0111891939171471
"1495","R2",50,"III","fit_all_stats",0.999964224418416
"1496","R2",50,"III","fitsumStats",0.998596470243197
"1497","R2",50,"III","fit_NT_stats",0.998511118727255
"1498","rmse",50,"III","fit_all_stats",0.0308529377991124
"1499","rmse",50,"III","fitsumStats",0.0235036564593021
"1500","rmse",50,"III","fit_NT_stats",0.0242077626158708
"1501","R2",51,"III","fit_all_stats",0.99890767144575
"1502","R2",51,"III","fitsumStats",0.995290397107654
"1503","R2",51,"III","fit_NT_stats",0.999234872169122
"1504","rmse",51,"III","fit_all_stats",0.181485729561798
"1505","rmse",51,"III","fitsumStats",0.0468005598049355
"1506","rmse",51,"III","fit_NT_stats",0.0188636575140225
"1507","R2",52,"III","fit_all_stats",0.99904395966542
"1508","R2",52,"III","fitsumStats",0.99725061982309
"1509","R2",52,"III","fit_NT_stats",0.999763158361799
"1510","rmse",52,"III","fit_all_stats",0.126857730252076
"1511","rmse",52,"III","fitsumStats",0.0319441893076305
"1512","rmse",52,"III","fit_NT_stats",0.00937569564026611
"1513","R2",53,"III","fit_all_stats",0.999488419714226
"1514","R2",53,"III","fitsumStats",0.999682355849125
"1515","R2",53,"III","fit_NT_stats",0.998812545149771
"1516","rmse",53,"III","fit_all_stats",0.0016975487232011
"1517","rmse",53,"III","fitsumStats",0.000185872918994768
"1518","rmse",53,"III","fit_NT_stats",0.000359380278432584
"1519","R2",54,"III","fit_all_stats",0.999167949831404
"1520","R2",54,"III","fitsumStats",0.999297982939729
"1521","R2",54,"III","fit_NT_stats",0.999587154720351
"1522","rmse",54,"III","fit_all_stats",0.13700499929779
"1523","rmse",54,"III","fitsumStats",0.0191280589670554
"1524","rmse",54,"III","fit_NT_stats",0.0146686697306395
"1525","R2",55,"III","fit_all_stats",0.999279638059658
"1526","R2",55,"III","fitsumStats",0.998868270941094
"1527","R2",55,"III","fit_NT_stats",0.999933910845081
"1528","rmse",55,"III","fit_all_stats",0.0900079486441563
"1529","rmse",55,"III","fitsumStats",0.0167650859627138
"1530","rmse",55,"III","fit_NT_stats",0.00405134894004115
"1531","R2",56,"III","fit_all_stats",0.99996409799411
"1532","R2",56,"III","fitsumStats",0.998939582311923
"1533","R2",56,"III","fit_NT_stats",0.997391132738442
"1534","rmse",56,"III","fit_all_stats",0.0309207524753952
"1535","rmse",56,"III","fitsumStats",0.0132602440792546
"1536","rmse",56,"III","fit_NT_stats",0.0207988358772889
"1537","R2",57,"III","fit_all_stats",0.999731931032158
"1538","R2",57,"III","fitsumStats",0.998441342222104
"1539","R2",57,"III","fit_NT_stats",0.999655675551528
"1540","rmse",57,"III","fit_all_stats",0.0723837280955162
"1541","rmse",57,"III","fitsumStats",0.02725677650523
"1542","rmse",57,"III","fit_NT_stats",0.0128110001969856
"1543","R2",58,"III","fit_all_stats",0.999889971908333
"1544","R2",58,"III","fitsumStats",0.999166068091636
"1545","R2",58,"III","fit_NT_stats",0.99838330032339
"1546","rmse",58,"III","fit_all_stats",0.0561864941009045
"1547","rmse",58,"III","fitsumStats",0.0254059916439747
"1548","rmse",58,"III","fit_NT_stats",0.0353741107309992
"1549","R2",59,"III","fit_all_stats",1
"1550","R2",59,"III","fitsumStats",0.999665466525289
"1551","R2",59,"III","fit_NT_stats",0.998598552309304
"1552","rmse",59,"III","fit_all_stats",7.58896876203801e-08
"1553","rmse",59,"III","fitsumStats",6.9686485788885e-08
"1554","rmse",59,"III","fit_NT_stats",1.42632081293209e-07
"1555","R2",60,"III","fit_all_stats",0.999999757379386
"1556","R2",60,"III","fitsumStats",0.999959893526764
"1557","R2",60,"III","fit_NT_stats",0.999762473393371
"1558","rmse",60,"III","fit_all_stats",0.00186343195160573
"1559","rmse",60,"III","fitsumStats",0.00075570444009865
"1560","rmse",60,"III","fit_NT_stats",0.00183908104860208
"1561","R2",61,"III","fit_all_stats",0.999977886418513
"1562","R2",61,"III","fitsumStats",0.999470158625973
"1563","R2",61,"III","fit_NT_stats",0.999361284272497
"1564","rmse",61,"III","fit_all_stats",0.0208343871995269
"1565","rmse",61,"III","fitsumStats",0.0102574708667723
"1566","rmse",61,"III","fit_NT_stats",0.0112621462586605
"1567","R2",62,"III","fit_all_stats",0.999979258961956
"1568","R2",62,"III","fitsumStats",0.999760459527736
"1569","R2",62,"III","fit_NT_stats",0.999163320518524
"1570","rmse",62,"III","fit_all_stats",0.0219447741116322
"1571","rmse",62,"III","fitsumStats",0.00839702793673937
"1572","rmse",62,"III","fit_NT_stats",0.0156933516608539
"1573","R2",63,"III","fit_all_stats",0.999380412409958
"1574","R2",63,"III","fitsumStats",0.996566392847415
"1575","R2",63,"III","fit_NT_stats",0.99924435526159
"1576","rmse",63,"III","fit_all_stats",0.137565909926397
"1577","rmse",63,"III","fitsumStats",0.0408441236439426
"1578","rmse",63,"III","fit_NT_stats",0.0191607767639075
"1579","R2",64,"III","fit_all_stats",0.999936969150623
"1580","R2",64,"III","fitsumStats",0.999592599976788
"1581","R2",64,"III","fit_NT_stats",0.999811280228985
"1582","rmse",64,"III","fit_all_stats",0.0406586834056378
"1583","rmse",64,"III","fitsumStats",0.0164031712224172
"1584","rmse",64,"III","fit_NT_stats",0.0111641585094808
"1585","R2",65,"III","fit_all_stats",0.99961118137371
"1586","R2",65,"III","fitsumStats",0.997961339025668
"1587","R2",65,"III","fit_NT_stats",0.998845594737664
"1588","rmse",65,"III","fit_all_stats",0.1126189962868
"1589","rmse",65,"III","fitsumStats",0.0431186405288205
"1590","rmse",65,"III","fit_NT_stats",0.0324467874535678
"1591","R2",66,"III","fit_all_stats",0.999567377345244
"1592","R2",66,"III","fitsumStats",0.998070158543968
"1593","R2",66,"III","fit_NT_stats",0.999213867204071
"1594","rmse",66,"III","fit_all_stats",0.0686504831165968
"1595","rmse",66,"III","fitsumStats",0.0228221202163968
"1596","rmse",66,"III","fit_NT_stats",0.0145660947366257
"1597","R2",67,"III","fit_all_stats",0.999675476767751
"1598","R2",67,"III","fitsumStats",0.99635274822757
"1599","R2",67,"III","fit_NT_stats",0.998784735862475
"1600","rmse",67,"III","fit_all_stats",0.106708221466148
"1601","rmse",67,"III","fitsumStats",0.0596843915647065
"1602","rmse",67,"III","fit_NT_stats",0.0344519049176701
"1603","R2",68,"III","fit_all_stats",0.999189586315062
"1604","R2",68,"III","fitsumStats",0.990471024432764
"1605","R2",68,"III","fit_NT_stats",0.998053727836917
"1606","rmse",68,"III","fit_all_stats",0.172522462923043
"1607","rmse",68,"III","fitsumStats",0.078287453803087
"1608","rmse",68,"III","fit_NT_stats",0.0353810605918459
"1609","R2",69,"III","fit_all_stats",0.867995751956274
"1610","R2",69,"III","fitsumStats",0.334491587907744
"1611","R2",69,"III","fit_NT_stats",0.924571248671184
"1612","rmse",69,"III","fit_all_stats",2.33475912229321
"1613","rmse",69,"III","fitsumStats",0.968877019892947
"1614","rmse",69,"III","fit_NT_stats",0.326182261736722
"1615","R2",70,"III","fit_all_stats",0.999833658254273
"1616","R2",70,"III","fitsumStats",0.999248072533225
"1617","R2",70,"III","fit_NT_stats",0.998928825606066
"1618","rmse",70,"III","fit_all_stats",0.0575426827542308
"1619","rmse",70,"III","fitsumStats",0.0208414879739228
"1620","rmse",70,"III","fit_NT_stats",0.0248754438590347
"1621","R2",71,"III","fit_all_stats",0.999957293192244
"1622","R2",71,"III","fitsumStats",0.999251799014679
"1623","R2",71,"III","fit_NT_stats",0.999394710164704
"1624","rmse",71,"III","fit_all_stats",0.0357699243038076
"1625","rmse",71,"III","fitsumStats",0.0213302606204525
"1626","rmse",71,"III","fit_NT_stats",0.0191853052884493
"1627","R2",72,"III","fit_all_stats",0.999439009369085
"1628","R2",72,"III","fitsumStats",0.996043545673831
"1629","R2",72,"III","fit_NT_stats",0.998204019161576
"1630","rmse",72,"III","fit_all_stats",0.149433610085599
"1631","rmse",72,"III","fitsumStats",0.0588518314019028
"1632","rmse",72,"III","fit_NT_stats",0.0396513294616424
"1633","R2",73,"III","fit_all_stats",0.999870531485294
"1634","R2",73,"III","fitsumStats",0.99899706494709
"1635","R2",73,"III","fit_NT_stats",0.999182654039987
"1636","rmse",73,"III","fit_all_stats",0.0617611834458557
"1637","rmse",73,"III","fitsumStats",0.0295169568100438
"1638","rmse",73,"III","fit_NT_stats",0.026646374957731
"1639","R2",74,"III","fit_all_stats",0.999036075199609
"1640","R2",74,"III","fitsumStats",0.997466858482385
"1641","R2",74,"III","fit_NT_stats",0.99985144351607
"1642","rmse",74,"III","fit_all_stats",0.114039061129938
"1643","rmse",74,"III","fitsumStats",0.0244403486240411
"1644","rmse",74,"III","fit_NT_stats",0.00591866113819278
"1645","R2",75,"III","fit_all_stats",0.999924621545823
"1646","R2",75,"III","fitsumStats",0.999749198403729
"1647","R2",75,"III","fit_NT_stats",0.999389316763774
"1648","rmse",75,"III","fit_all_stats",0.0403770554465613
"1649","rmse",75,"III","fitsumStats",0.0104580751102418
"1650","rmse",75,"III","fit_NT_stats",0.0163190400277068
"1651","R2",76,"III","fit_all_stats",0.999038458956293
"1652","R2",76,"III","fitsumStats",0.999989511480184
"1653","R2",76,"III","fit_NT_stats",0.995836387007888
"1654","rmse",76,"III","fit_all_stats",0.000494649459222104
"1655","rmse",76,"III","fitsumStats",6.77528085961931e-06
"1656","rmse",76,"III","fit_NT_stats",0.000134991175436204
"1657","R2",77,"III","fit_all_stats",0.998579681072034
"1658","R2",77,"III","fitsumStats",0.995474993948173
"1659","R2",77,"III","fit_NT_stats",0.999689249279338
"1660","rmse",77,"III","fit_all_stats",0.183692663700276
"1661","rmse",77,"III","fitsumStats",0.0407136091041902
"1662","rmse",77,"III","fit_NT_stats",0.0106693040744803
"1663","R2",78,"III","fit_all_stats",0.999752652808908
"1664","R2",78,"III","fitsumStats",0.992396105155239
"1665","R2",78,"III","fit_NT_stats",0.999451859902949
"1666","rmse",78,"III","fit_all_stats",0.108703640384949
"1667","rmse",78,"III","fitsumStats",0.0866693597307678
"1668","rmse",78,"III","fit_NT_stats",0.0232698360399861
"1669","R2",79,"III","fit_all_stats",0.999916063421625
"1670","R2",79,"III","fitsumStats",0.999463969638588
"1671","R2",79,"III","fit_NT_stats",0.998794608130605
"1672","rmse",79,"III","fit_all_stats",0.0477466155085026
"1673","rmse",79,"III","fitsumStats",0.0183309988680129
"1674","rmse",79,"III","fit_NT_stats",0.0274887862827788
"1675","R2",80,"III","fit_all_stats",0.999678053586821
"1676","R2",80,"III","fitsumStats",0.996898723320593
"1677","R2",80,"III","fit_NT_stats",0.999663695951569
"1678","rmse",80,"III","fit_all_stats",0.103973549000763
"1679","rmse",80,"III","fitsumStats",0.0537535805635656
"1680","rmse",80,"III","fit_NT_stats",0.0177012195698717
"1681","R2",81,"III","fit_all_stats",0.999044522811617
"1682","R2",81,"III","fitsumStats",0.996576603591412
"1683","R2",81,"III","fit_NT_stats",0.99847595422252
"1684","rmse",81,"III","fit_all_stats",0.199159108824478
"1685","rmse",81,"III","fitsumStats",0.0521059927231994
"1686","rmse",81,"III","fit_NT_stats",0.0347662689190906
"1687","R2",82,"III","fit_all_stats",0.999418831585149
"1688","R2",82,"III","fitsumStats",0.99513019135256
"1689","R2",82,"III","fit_NT_stats",0.999255983041974
"1690","rmse",82,"III","fit_all_stats",0.115907001200246
"1691","rmse",82,"III","fitsumStats",0.0469073748533074
"1692","rmse",82,"III","fit_NT_stats",0.0183348177531465
"1693","R2",83,"III","fit_all_stats",0.99962566989064
"1694","R2",83,"III","fitsumStats",0.996262419577109
"1695","R2",83,"III","fit_NT_stats",0.997748766217249
"1696","rmse",83,"III","fit_all_stats",0.116997674943471
"1697","rmse",83,"III","fitsumStats",0.0607662388202159
"1698","rmse",83,"III","fit_NT_stats",0.0471603893199246
"1699","R2",84,"III","fit_all_stats",0.999518888995548
"1700","R2",84,"III","fitsumStats",0.999479508189229
"1701","R2",84,"III","fit_NT_stats",0.996386579172913
"1702","rmse",84,"III","fit_all_stats",0.177198264759283
"1703","rmse",84,"III","fitsumStats",0.0269458704084421
"1704","rmse",84,"III","fit_NT_stats",0.0709977422209539
"1705","R2",85,"III","fit_all_stats",0.999081685962045
"1706","R2",85,"III","fitsumStats",0.998976650333784
"1707","R2",85,"III","fit_NT_stats",0.999085446862668
"1708","rmse",85,"III","fit_all_stats",0.206503211008291
"1709","rmse",85,"III","fitsumStats",0.031127839870148
"1710","rmse",85,"III","fit_NT_stats",0.0294266910414322
"1711","R2",86,"III","fit_all_stats",0.999880022259662
"1712","R2",86,"III","fitsumStats",0.999136605204918
"1713","R2",86,"III","fit_NT_stats",0.999899005261783
"1714","rmse",86,"III","fit_all_stats",0.0224638335586419
"1715","rmse",86,"III","fitsumStats",0.00843620429738287
"1716","rmse",86,"III","fit_NT_stats",0.00288530513849836
"1717","R2",87,"III","fit_all_stats",0.999903487181569
"1718","R2",87,"III","fitsumStats",0.998034706387631
"1719","R2",87,"III","fit_NT_stats",0.999103596917424
"1720","rmse",87,"III","fit_all_stats",0.0491943520418592
"1721","rmse",87,"III","fitsumStats",0.0328331653735345
"1722","rmse",87,"III","fit_NT_stats",0.022174340060927
"1723","R2",88,"III","fit_all_stats",0.999896710806576
"1724","R2",88,"III","fitsumStats",0.99734597000945
"1725","R2",88,"III","fit_NT_stats",0.999831018428085
"1726","rmse",88,"III","fit_all_stats",0.0619693832663441
"1727","rmse",88,"III","fitsumStats",0.0504204416878597
"1728","rmse",88,"III","fit_NT_stats",0.0127225277154876
"1729","R2",89,"III","fit_all_stats",0.999485943272928
"1730","R2",89,"III","fitsumStats",0.998478404648532
"1731","R2",89,"III","fit_NT_stats",0.999738880330877
"1732","rmse",89,"III","fit_all_stats",0.0518067059819147
"1733","rmse",89,"III","fitsumStats",0.0122096795488252
"1734","rmse",89,"III","fit_NT_stats",0.00505794931145276
"1735","R2",90,"III","fit_all_stats",0.999420429276262
"1736","R2",90,"III","fitsumStats",0.99809918235267
"1737","R2",90,"III","fit_NT_stats",0.999190206795785
"1738","rmse",90,"III","fit_all_stats",0.106418338875689
"1739","rmse",90,"III","fitsumStats",0.027136096030736
"1740","rmse",90,"III","fit_NT_stats",0.0177118613453347
"1741","R2",91,"III","fit_all_stats",0.99928606552579
"1742","R2",91,"III","fitsumStats",0.996502819137335
"1743","R2",91,"III","fit_NT_stats",0.999595452654587
"1744","rmse",91,"III","fit_all_stats",0.0808725334954663
"1745","rmse",91,"III","fitsumStats",0.0238577861369482
"1746","rmse",91,"III","fit_NT_stats",0.00811438804257466
"1747","R2",92,"III","fit_all_stats",0.99948680791413
"1748","R2",92,"III","fitsumStats",0.998413858957151
"1749","R2",92,"III","fit_NT_stats",0.999567288055812
"1750","rmse",92,"III","fit_all_stats",0.0986619939023903
"1751","rmse",92,"III","fitsumStats",0.0256680415718274
"1752","rmse",92,"III","fit_NT_stats",0.0134066809458596
"1753","R2",93,"III","fit_all_stats",0.999984638399295
"1754","R2",93,"III","fitsumStats",0.999547324710084
"1755","R2",93,"III","fit_NT_stats",0.999034218418647
"1756","rmse",93,"III","fit_all_stats",0.018423114778484
"1757","rmse",93,"III","fitsumStats",0.0107766635867129
"1758","rmse",93,"III","fit_NT_stats",0.0157409301181933
"1759","R2",94,"III","fit_all_stats",0.999348427749148
"1760","R2",94,"III","fitsumStats",0.99781964846524
"1761","R2",94,"III","fit_NT_stats",0.998547785971867
"1762","rmse",94,"III","fit_all_stats",0.162300149690763
"1763","rmse",94,"III","fitsumStats",0.0442711413378114
"1764","rmse",94,"III","fit_NT_stats",0.0361304002259003
"1765","R2",95,"III","fit_all_stats",0.999875001699048
"1766","R2",95,"III","fitsumStats",0.998581597796733
"1767","R2",95,"III","fit_NT_stats",0.999321691406916
"1768","rmse",95,"III","fit_all_stats",0.0553476226598563
"1769","rmse",95,"III","fitsumStats",0.0314910342567112
"1770","rmse",95,"III","fit_NT_stats",0.021777142111478
"1771","R2",96,"III","fit_all_stats",0.998493071332718
"1772","R2",96,"III","fitsumStats",0.981200771577174
"1773","R2",96,"III","fit_NT_stats",0.998501784177416
"1774","rmse",96,"III","fit_all_stats",0.236286350580696
"1775","rmse",96,"III","fitsumStats",0.1249227624497
"1776","rmse",96,"III","fit_NT_stats",0.0352662073427161
"1777","R2",97,"III","fit_all_stats",0.999893356142306
"1778","R2",97,"III","fitsumStats",0.99720375295499
"1779","R2",97,"III","fit_NT_stats",0.997665732880195
"1780","rmse",97,"III","fit_all_stats",0.0572621396883599
"1781","rmse",97,"III","fitsumStats",0.0379080291296471
"1782","rmse",97,"III","fit_NT_stats",0.034635280797592
"1783","R2",98,"III","fit_all_stats",0.999660369915214
"1784","R2",98,"III","fitsumStats",0.991372645059365
"1785","R2",98,"III","fit_NT_stats",0.991144351707369
"1786","rmse",98,"III","fit_all_stats",0.108432831459045
"1787","rmse",98,"III","fitsumStats",0.0736875338362859
"1788","rmse",98,"III","fit_NT_stats",0.0746561120453463
"1789","R2",99,"III","fit_all_stats",0.998087161791543
"1790","R2",99,"III","fitsumStats",0.997217328704919
"1791","R2",99,"III","fit_NT_stats",0.999664612564921
"1792","rmse",99,"III","fit_all_stats",0.256003081989445
"1793","rmse",99,"III","fitsumStats",0.0364362030743174
"1794","rmse",99,"III","fit_NT_stats",0.0126495639218787
"1795","R2",100,"III","fit_all_stats",0.999671350825998
"1796","R2",100,"III","fitsumStats",0.997535053584269
"1797","R2",100,"III","fit_NT_stats",0.999466335091958
"1798","rmse",100,"III","fit_all_stats",0.104646868772897
"1799","rmse",100,"III","fitsumStats",0.0397025928991315
"1800","rmse",100,"III","fit_NT_stats",0.0184735113708428
